year,rank,city,med_park_size_points,park_pct_city_points,pct_near_park_points,spend_per_resident_points,basketball_points,dogpark_points,playground_points,rec_sr_points,amenities_points,rank_last_time,state
2015,13,Albuquerque,8.0,20.0,32.0,7.0,8.0,20.0,10.0,15.0,53.0,15,NM
2016,20,Albuquerque,8.0,20.0,31.0,6.0,8.0,20.0,11.0,14.0,13.0,13,NM
2017,17,Albuquerque,8.0,20.0,31.0,6.0,7.0,20.0,11.0,13.0,13.0,20,NM
2018,40,Albuquerque,8.0,20.0,30.0,10.0,11.0,40.0,24.0,27.0,21.0,17,NM
2019,34,Albuquerque,20.0,50.0,82.5,27.5,25.0,100.0,57.5,68.0,52.1,40,NM
2020,35,Albuquerque,19.0,50.0,81.0,30.0,27.0,100.0,52.0,91.0,60.8,34,NM
2015,51,Anaheim,17.0,7.0,22.0,6.0,4.0,3.0,3.0,2.0,12.0,36,CA
2016,65,Anaheim,17.0,8.0,19.0,7.0,4.0,2.0,4.0,2.0,3.0,51,CA
2017,63,Anaheim,17.0,8.0,19.0,7.0,3.0,4.0,4.0,2.0,3.0,65,CA
2018,68,Anaheim,16.0,8.0,19.0,13.0,4.0,7.0,7.0,5.0,11.0,63,CA
2019,59,Anaheim,40.0,20.0,52.5,50.0,10.0,15.0,22.5,10.0,22.1,68,CA
2020,45,Anaheim,39.0,37.0,50.0,63.0,8.0,26.0,15.0,11.0,21.3,59,CA
2015,24,Anchorage,8.0,20.0,26.0,8.0,10.0,20.0,10.0,3.0,43.0,24,AK
2016,31,Anchorage,8.0,20.0,25.0,9.0,10.0,20.0,11.0,3.0,11.0,24,AK
2017,31,Anchorage,8.0,20.0,25.0,10.0,9.0,20.0,10.0,3.0,11.0,31,AK
2018,36,Anchorage,9.0,20.0,24.0,20.0,15.0,40.0,21.0,6.0,20.0,31,AK
2019,37,Anchorage,22.5,50.0,65.0,50.0,17.5,100.0,52.5,18.0,38.8,36,AK
2020,39,Anchorage,21.0,50.0,62.0,49.0,14.0,100.0,46.0,19.0,37.8,37,AK
2015,48,"Arlington, Texas",20.0,7.0,18.0,9.0,1.0,3.0,3.0,3.0,10.0,36,TX
2016,58,"Arlington, Texas",20.0,8.0,16.0,10.0,1.0,2.0,4.0,4.0,3.0,48,TX
2017,59,"Arlington, Texas",20.0,7.0,16.0,10.0,1.0,1.0,3.0,3.0,2.0,58,TX
2018,63,"Arlington, Texas",20.0,8.0,14.0,17.0,8.0,7.0,10.0,7.0,10.0,59,TX
2019,68,"Arlington, Texas",50.0,17.5,37.5,45.0,17.5,12.5,20.0,18.0,25.0,63,TX
2020,59,"Arlington, Texas",50.0,18.0,36.0,55.0,14.0,11.0,14.0,17.0,23.0,68,TX
2016,4,"Arlington, Virginia",4.0,12.0,40.0,20.0,16.0,20.0,19.0,19.0,19.0,4,VA
2017,6,"Arlington, Virginia",4.0,11.0,39.0,20.0,15.0,20.0,19.0,18.0,18.0,4,VA
2018,4,"Arlington, Virginia",4.0,11.0,40.0,40.0,40.0,40.0,36.0,36.0,36.0,6,VA
2019,4,"Arlington, Virginia",10.0,27.5,97.5,100.0,100.0,100.0,87.5,73.0,90.0,4,VA
2020,4,"Arlington, Virginia",10.0,28.0,99.0,100.0,100.0,100.0,80.0,76.0,89.0,4,VA
2015,48,Atlanta,6.0,5.0,24.0,11.0,11.0,4.0,9.0,20.0,44.0,42,GA
2016,51,Atlanta,6.0,6.0,22.0,14.0,11.0,10.0,12.0,20.0,13.0,48,GA
2017,50,Atlanta,6.0,5.0,22.0,16.0,9.0,10.0,11.0,18.0,12.0,51,GA
2018,43,Atlanta,5.0,6.0,22.0,30.0,16.0,15.0,23.0,38.0,22.0,50,GA
2019,41,Atlanta,12.5,15.0,57.5,75.0,35.0,30.0,52.5,95.0,52.1,43,GA
2020,40,Atlanta,12.0,14.0,58.0,85.0,30.0,34.0,42.0,100.0,49.7,41,GA
2015,13,Aurora,15.0,10.0,34.0,14.0,6.0,11.0,8.0,3.0,28.0,10,CO
2016,16,Aurora,15.0,11.0,33.0,16.0,5.0,9.0,9.0,3.0,7.0,13,CO
2017,15,Aurora,15.0,11.0,33.0,17.0,5.0,7.0,8.0,2.0,6.0,16,CO
2018,20,Aurora,16.0,11.0,33.0,31.0,5.0,14.0,15.0,5.0,12.0,15,CO
2019,23,Aurora,37.5,25.0,82.5,80.0,15.0,42.5,35.0,10.0,33.8,20,CO
2020,24,Aurora,37.0,27.0,82.0,84.0,13.0,37.0,28.0,11.0,31.3,23,CO
2015,31,Austin,20.0,15.0,16.0,9.0,6.0,18.0,3.0,7.0,34.0,33,TX
2016,47,Austin,19.0,16.0,12.0,10.0,6.0,15.0,4.0,7.0,8.0,31,TX
2017,46,Austin,17.0,11.0,15.0,12.0,10.0,14.0,5.0,6.0,9.0,47,TX
2018,42,Austin,17.0,11.0,18.0,22.0,16.0,25.0,11.0,14.0,18.0,46,TX
2019,43,Austin,42.5,25.0,40.0,62.5,32.5,57.5,20.0,35.0,41.3,42,TX
2020,37,Austin,39.0,25.0,39.0,82.0,28.0,50.0,14.0,35.0,43.5,43,TX
2015,50,Bakersfield,18.0,5.0,12.0,10.0,7.0,20.0,12.0,5.0,44.0,36,CA
2016,71,Bakersfield,17.0,6.0,9.0,9.0,7.0,20.0,12.0,5.0,11.0,50,CA
2017,71,Bakersfield,18.0,5.0,9.0,9.0,6.0,20.0,12.0,5.0,11.0,71,CA
2018,65,Bakersfield,18.0,6.0,9.0,13.0,9.0,40.0,22.0,10.0,23.0,71,CA
2019,64,Bakersfield,45.0,12.5,22.5,37.5,25.0,97.5,55.0,13.0,59.6,65,CA
2020,63,Bakersfield,43.0,13.0,18.0,45.0,21.0,84.0,48.0,14.0,56.0,64,CA
2015,40,Baltimore,1.0,9.0,34.0,6.0,5.0,3.0,13.0,19.0,40.0,25,MD
2016,49,Baltimore,1.0,10.0,33.0,8.0,5.0,3.0,13.0,17.0,10.0,40,MD
2017,53,Baltimore,1.0,10.0,32.0,7.0,4.0,3.0,12.0,16.0,9.0,49,MD
2018,58,Baltimore,1.0,10.0,32.0,14.0,7.0,6.0,25.0,34.0,15.0,53,MD
2019,61,Baltimore,2.5,22.5,82.5,30.0,15.0,10.0,60.0,93.0,37.9,58,MD
2020,58,Baltimore,2.0,23.0,81.0,37.0,30.0,10.0,54.0,100.0,40.8,61,MD
2016,88,Baton Rouge,8.0,2.0,13.0,5.0,20.0,9.0,11.0,20.0,15.0,88,LA
2017,89,Baton Rouge,8.0,2.0,13.0,5.0,19.0,8.0,10.0,20.0,14.0,88,LA
2018,90,Baton Rouge,8.0,2.0,13.0,7.0,40.0,15.0,20.0,40.0,23.0,89,LA
2019,91,Baton Rouge,20.0,5.0,32.5,17.5,100.0,30.0,45.0,100.0,57.1,90,LA
2020,91,Baton Rouge,19.0,5.0,30.0,19.0,100.0,27.0,39.0,100.0,55.2,91,LA
2016,43,Boise,14.0,9.0,19.0,12.0,8.0,20.0,15.0,5.0,12.0,43,ID
2017,35,Boise,14.0,8.0,19.0,17.0,7.0,20.0,14.0,13.0,14.0,43,ID
2018,29,Boise,14.0,9.0,18.0,32.0,10.0,40.0,27.0,25.0,24.0,35,ID
2019,20,Boise,35.0,22.5,55.0,90.0,27.5,100.0,62.5,63.0,62.1,29,ID
2020,21,Boise,34.0,23.0,53.0,98.0,23.0,100.0,56.0,66.0,60.5,20,ID
2015,8,Boston,3.0,18.0,40.0,13.0,15.0,10.0,12.0,13.0,50.0,3,MA
2016,9,Boston,3.0,19.0,40.0,14.0,15.0,12.0,11.0,12.0,13.0,8,MA
2017,13,Boston,2.0,18.0,39.0,13.0,12.0,10.0,16.0,11.0,12.0,9,MA
2018,13,Boston,2.0,19.0,40.0,25.0,21.0,23.0,33.0,24.0,25.0,13,MA
2019,13,Boston,5.0,45.0,100.0,70.0,47.5,80.0,75.0,60.0,65.4,13,MA
2020,9,Boston,4.0,45.0,100.0,92.0,53.0,76.0,70.0,63.0,65.2,13,MA
2015,40,Buffalo,2.0,7.0,34.0,5.0,20.0,10.0,8.0,9.0,47.0,40,NY
2016,52,Buffalo,2.0,8.0,33.0,5.0,20.0,8.0,9.0,9.0,12.0,40,NY
2017,58,Buffalo,2.0,7.0,32.0,4.0,20.0,6.0,8.0,8.0,11.0,52,NY
2018,51,Buffalo,2.0,7.0,33.0,8.0,40.0,13.0,17.0,17.0,27.0,58,NY
2019,48,Buffalo,5.0,17.5,85.0,30.0,100.0,25.0,40.0,43.0,62.9,51,NY
2020,43,Buffalo,3.0,18.0,85.0,44.0,100.0,23.0,32.0,45.0,62.0,48,NY
2016,71,Chandler,16.0,3.0,16.0,7.0,9.0,18.0,8.0,3.0,10.0,71,AZ
2017,59,Chandler,16.0,3.0,18.0,7.0,12.0,16.0,8.0,6.0,11.0,71,AZ
2018,63,Chandler,16.0,3.0,18.0,15.0,20.0,30.0,15.0,13.0,17.0,59,AZ
2019,69,Chandler,40.0,7.5,45.0,35.0,45.0,62.5,37.5,30.0,45.0,63,AZ
2020,65,Chandler,39.0,7.0,43.0,38.0,41.0,55.0,57.0,31.0,46.0,69,AZ
2015,74,Charlotte,20.0,4.0,2.0,5.0,3.0,7.0,6.0,6.0,22.0,57,NC
2016,95,Charlotte,20.0,6.0,1.0,4.0,2.0,6.0,7.0,6.0,5.0,74,NC
2017,97,Charlotte,20.0,4.0,1.0,4.0,3.0,6.0,8.0,7.0,6.0,95,NC
2018,97,Charlotte,20.0,4.0,1.0,7.0,2.0,8.0,12.0,11.0,8.0,97,NC
2019,95,Charlotte/Mecklenburg County,50.0,12.5,7.5,17.5,55.0,12.5,32.5,28.0,27.9,95,NC
2020,95,Charlotte/Mecklenburg County,50.0,13.0,3.0,26.0,51.0,17.0,26.0,28.0,27.3,95,NC
2016,60,Chesapeake,10.0,20.0,7.0,7.0,6.0,20.0,12.0,11.0,12.0,60,VA
2017,52,Chesapeake,12.0,20.0,6.0,9.0,8.0,20.0,12.0,10.0,13.0,60,VA
2018,41,Chesapeake,14.0,20.0,5.0,19.0,25.0,40.0,40.0,25.0,28.0,52,VA
2019,46,Chesapeake,35.0,50.0,15.0,45.0,55.0,92.5,97.5,63.0,56.7,41,VA
2020,46,Chesapeake,34.0,50.0,13.0,53.0,100.0,82.0,62.0,65.0,58.8,46,VA
2015,12,Chicago,4.0,9.0,38.0,20.0,11.0,10.0,9.0,20.0,50.0,16,IL
2016,15,Chicago,4.0,10.0,37.0,20.0,11.0,9.0,9.0,20.0,12.0,12,IL
2017,11,Chicago,2.0,10.0,39.0,20.0,16.0,8.0,13.0,20.0,14.0,15,IL
2018,8,Chicago,4.0,10.0,40.0,39.0,32.0,15.0,28.0,40.0,29.0,11,IL
2019,10,Chicago,10.0,25.0,97.5,95.0,72.5,35.0,67.5,100.0,74.2,8,IL
2020,10,Chicago,9.0,24.0,98.0,100.0,70.0,35.0,61.0,100.0,73.2,10,IL
2015,58,Chula Vista,13.0,7.0,18.0,3.0,7.0,15.0,11.0,9.0,42.0,58,CA
2016,78,Chula Vista,13.0,8.0,14.0,4.0,7.0,13.0,12.0,9.0,10.0,58,CA
2017,75,Chula Vista,14.0,7.0,15.0,4.0,6.0,11.0,11.0,8.0,9.0,78,CA
2018,76,Chula Vista,14.0,6.0,16.0,6.0,10.0,39.0,29.0,16.0,19.0,75,CA
2019,74,Chula Vista,32.5,15.0,52.5,15.0,22.5,82.5,67.5,40.0,47.5,76,CA
2020,70,Chula Vista,32.0,18.0,50.0,18.0,19.0,100.0,60.0,42.0,48.5,74,CA
2015,7,Cincinnati,9.0,16.0,26.0,20.0,20.0,17.0,20.0,20.0,77.0,7,OH
2016,10,Cincinnati,8.0,15.0,25.0,20.0,20.0,15.0,20.0,20.0,19.0,7,OH
2017,10,Cincinnati,9.0,14.0,25.0,20.0,19.0,13.0,20.0,20.0,18.0,10,OH
2018,7,Cincinnati,8.0,15.0,25.0,40.0,40.0,25.0,40.0,38.0,37.0,10,OH
2019,8,Cincinnati,20.0,35.0,67.5,100.0,100.0,52.5,100.0,98.0,90.8,7,OH
2020,5,Cincinnati,20.0,36.0,74.0,100.0,100.0,63.0,94.0,100.0,92.5,8,OH
2015,38,Cleveland,7.0,5.0,30.0,10.0,20.0,6.0,11.0,16.0,53.0,26,OH
2016,43,Cleveland,6.0,6.0,30.0,11.0,20.0,5.0,12.0,15.0,13.0,38,OH
2017,45,Cleveland,6.0,6.0,29.0,11.0,20.0,4.0,14.0,14.0,13.0,43,OH
2018,37,Cleveland,6.0,6.0,30.0,22.0,40.0,7.0,30.0,29.0,28.0,45,OH
2019,38,Cleveland,17.5,15.0,75.0,57.5,100.0,27.5,67.5,75.0,66.7,37,OH
2020,29,Cleveland,17.0,15.0,75.0,76.0,96.0,24.0,64.0,79.0,65.3,38,OH
2015,38,Colorado Springs,13.0,9.0,26.0,5.0,11.0,20.0,12.0,3.0,46.0,23,CO
2016,43,Colorado Springs,13.0,10.0,24.0,6.0,16.0,20.0,12.0,4.0,13.0,38,CO
2017,42,Colorado Springs,13.0,9.0,24.0,8.0,15.0,19.0,12.0,3.0,12.0,43,CO
2018,46,Colorado Springs,13.0,9.0,23.0,15.0,18.0,36.0,23.0,7.0,20.0,42,CO
2019,49,Colorado Springs,30.0,22.5,62.5,42.5,40.0,75.0,50.0,15.0,41.7,46,CO
2020,53,Colorado Springs,29.0,23.0,61.0,41.0,35.0,66.0,47.0,16.0,38.7,49,CO
2015,57,Columbus,14.0,8.0,16.0,8.0,6.0,7.0,6.0,9.0,28.0,47,OH
2016,65,Columbus,14.0,9.0,14.0,10.0,6.0,6.0,6.0,8.0,7.0,57,OH
2017,56,Columbus,15.0,11.0,14.0,11.0,6.0,5.0,6.0,8.0,6.0,65,OH
2018,62,Columbus,15.0,9.0,14.0,21.0,11.0,8.0,11.0,16.0,11.0,56,OH
2019,52,Columbus,37.5,22.5,40.0,50.0,100.0,20.0,50.0,43.0,44.6,62,OH
2020,49,Columbus,36.0,20.0,51.0,49.0,100.0,19.0,45.0,44.0,43.3,52,OH
2015,45,Corpus Christi,6.0,7.0,28.0,6.0,11.0,0.0,19.0,12.0,42.0,28,TX
2016,60,Corpus Christi,6.0,8.0,26.0,7.0,10.0,0.0,17.0,10.0,9.0,45,TX
2017,59,Corpus Christi,6.0,8.0,25.0,7.0,9.0,0.0,16.0,10.0,9.0,60,TX
2018,61,Corpus Christi,6.0,9.0,26.0,13.0,16.0,1.0,37.0,19.0,17.0,59,TX
2019,66,Corpus Christi,15.0,20.0,65.0,30.0,35.0,15.0,82.5,48.0,45.4,61,TX
2020,76,Corpus Christi,14.0,20.0,63.0,27.0,32.0,15.0,78.0,47.0,38.8,66,TX
2015,40,Dallas,14.0,13.0,20.0,6.0,10.0,4.0,5.0,9.0,28.0,36,TX
2016,54,Dallas,14.0,13.0,18.0,7.0,9.0,4.0,6.0,8.0,7.0,40,TX
2017,50,Dallas,15.0,13.0,18.0,9.0,8.0,2.0,4.0,8.0,6.0,54,TX
2018,49,Dallas,15.0,13.0,18.0,22.0,14.0,1.0,9.0,16.0,10.0,50,TX
2019,53,Dallas,37.5,22.5,55.0,57.5,30.0,5.0,25.0,40.0,22.1,49,TX
2020,54,Dallas,36.0,23.0,56.0,58.0,26.0,1.0,17.0,40.0,18.7,53,TX
2015,16,Denver,12.0,7.0,34.0,13.0,5.0,20.0,15.0,13.0,53.0,7,CO
2016,20,Denver,12.0,8.0,33.0,13.0,5.0,15.0,16.0,12.0,12.0,16,CO
2017,20,Denver,12.0,8.0,33.0,13.0,4.0,15.0,14.0,11.0,11.0,20,CO
2018,26,Denver,13.0,8.0,33.0,26.0,6.0,29.0,29.0,19.0,19.0,20,CO
2019,28,Denver,32.5,20.0,87.5,60.0,12.5,82.5,65.0,50.0,43.8,26,CO
2020,22,Denver,31.0,20.0,86.0,72.0,71.0,71.0,61.0,54.0,58.7,28,CO
2019,39,Des Moines,50.0,32.5,55.0,35.0,37.5,55.0,45.0,8.0,50.8,39,IA
2020,34,Des Moines,50.0,32.0,55.0,50.0,33.0,49.0,38.0,52.0,55.7,39,IA
2015,60,Detroit,4.0,5.0,30.0,1.0,12.0,7.0,19.0,4.0,42.0,28,MI
2016,75,Detroit,4.0,6.0,29.0,1.0,12.0,6.0,19.0,5.0,11.0,60,MI
2017,75,Detroit,4.0,6.0,28.0,1.0,11.0,5.0,19.0,4.0,10.0,75,MI
2018,88,Detroit,4.0,6.0,28.0,5.0,13.0,12.0,21.0,9.0,11.0,75,MI
2019,83,Detroit,10.0,15.0,72.5,20.0,35.0,32.5,55.0,30.0,32.9,88,MI
2020,73,Detroit,9.0,13.0,70.0,41.0,31.0,30.0,40.0,32.0,31.3,83,MI
2016,65,Durham,20.0,3.0,12.0,9.0,6.0,13.0,9.0,10.0,10.0,65,NC
2017,72,Durham,18.0,3.0,12.0,8.0,6.0,13.0,9.0,10.0,10.0,65,NC
2018,69,Durham,17.0,3.0,12.0,12.0,30.0,21.0,15.0,19.0,23.0,72,NC
2019,73,Durham,40.0,7.5,30.0,27.5,65.0,65.0,32.5,45.0,59.6,69,NC
2020,72,Durham,39.0,7.0,26.0,38.0,60.0,55.0,25.0,47.0,55.7,73,NC
2015,55,El Paso,7.0,20.0,16.0,3.0,9.0,4.0,9.0,11.0,33.0,44,TX
2016,75,El Paso,7.0,20.0,13.0,3.0,9.0,4.0,10.0,10.0,8.0,55,TX
2017,79,El Paso,7.0,20.0,12.0,2.0,7.0,3.0,10.0,9.0,7.0,75,TX
2018,78,El Paso,7.0,20.0,13.0,3.0,13.0,8.0,30.0,19.0,17.0,79,TX
2019,71,El Paso,17.5,50.0,37.5,15.0,70.0,22.5,77.5,53.0,47.9,78,TX
2020,66,El Paso,12.0,50.0,38.0,26.0,65.0,21.0,73.0,53.0,45.8,71,TX
2016,98,Fort Wayne,7.0,3.0,9.0,8.0,5.0,8.0,8.0,5.0,7.0,98,IN
2017,98,Fort Wayne,7.0,3.0,10.0,8.0,5.0,7.0,8.0,5.0,6.0,98,IN
2015,60,Fort Worth,15.0,4.0,18.0,9.0,4.0,1.0,8.0,8.0,21.0,40,TX
2016,78,Fort Worth,14.0,5.0,16.0,9.0,4.0,1.0,9.0,4.0,5.0,60,TX
2017,79,Fort Worth,15.0,5.0,16.0,8.0,3.0,1.0,8.0,3.0,4.0,78,TX
2018,82,Fort Worth,15.0,5.0,16.0,12.0,4.0,8.0,16.0,7.0,8.0,79,TX
2019,88,Fort Worth,37.5,12.5,42.5,30.0,15.0,2.5,37.5,18.0,12.9,82,TX
2020,94,Fort Worth,36.0,13.0,40.0,26.0,5.0,2.0,31.0,17.0,9.8,88,TX
2016,27,Fremont,14.0,20.0,20.0,14.0,7.0,4.0,7.0,7.0,6.0,27,CA
2017,24,Fremont,14.0,20.0,19.0,15.0,6.0,8.0,6.0,6.0,7.0,27,CA
2018,32,Fremont,12.0,20.0,19.0,26.0,10.0,40.0,13.0,13.0,18.0,24,CA
2019,33,Fremont,30.0,50.0,55.0,57.5,25.0,100.0,30.0,30.0,45.0,32,CA
2020,33,Fremont,30.0,50.0,54.0,62.0,21.0,89.0,29.0,32.0,47.3,33,CA
2015,74,Fresno,10.0,1.0,18.0,3.0,1.0,12.0,3.0,3.0,19.0,60,CA
2016,97,Fresno,9.0,2.0,15.0,3.0,1.0,13.0,4.0,4.0,6.0,74,CA
2017,90,Fresno,7.0,3.0,19.0,3.0,13.0,12.0,4.0,4.0,8.0,97,CA
2018,94,Fresno,4.0,3.0,19.0,5.0,32.0,26.0,19.0,14.0,19.0,90,CA
2019,93,Fresno,10.0,5.0,52.5,10.0,72.5,55.0,45.0,38.0,45.0,94,CA
2020,92,Fresno,9.0,8.0,51.0,17.0,68.0,49.0,38.0,38.0,42.0,93,CA
2016,60,Garland,19.0,8.0,17.0,7.0,8.0,0.0,5.0,8.0,5.0,60,TX
2017,63,Garland,19.0,7.0,16.0,7.0,7.0,0.0,4.0,8.0,5.0,60,TX
2018,72,Garland,19.0,7.0,18.0,11.0,12.0,0.0,8.0,16.0,9.0,63,TX
2019,79,Garland,47.5,15.0,45.0,27.5,27.5,0.0,17.5,40.0,20.0,72,TX
2020,83,Garland,46.0,17.0,43.0,26.0,23.0,0.0,10.0,41.0,18.0,79,TX
2016,55,Glendale,9.0,5.0,26.0,4.0,20.0,14.0,17.0,6.0,14.0,55,AZ
2017,63,Glendale,9.0,5.0,25.0,2.0,17.0,12.0,16.0,8.0,13.0,55,AZ
2018,71,Glendale,9.0,5.0,25.0,2.0,32.0,24.0,32.0,16.0,24.0,63,AZ
2019,70,Glendale,22.5,12.5,65.0,10.0,77.5,50.0,75.0,40.0,59.2,71,AZ
2020,74,Glendale,21.0,12.0,62.0,18.0,73.0,44.0,69.0,41.0,50.8,70,AZ
2015,45,Greensboro,9.0,9.0,22.0,7.0,8.0,9.0,15.0,12.0,44.0,45,NC
2016,69,Greensboro,7.0,10.0,18.0,7.0,8.0,8.0,15.0,11.0,11.0,45,NC
2017,69,Greensboro,9.0,9.0,18.0,7.0,8.0,6.0,15.0,11.0,10.0,69,NC
2018,70,Greensboro,10.0,9.0,18.0,12.0,6.0,19.0,30.0,21.0,17.0,69,NC
2019,64,Greensboro,25.0,25.0,47.5,30.0,15.0,40.0,67.5,53.0,49.2,70,NC
2020,66,Greensboro,23.0,25.0,44.0,33.0,11.0,35.0,62.0,54.0,46.8,64,NC
2015,19,Henderson,15.0,10.0,16.0,20.0,20.0,20.0,9.0,8.0,57.0,19,NV
2016,25,Henderson,15.0,14.0,13.0,20.0,14.0,20.0,12.0,7.0,13.0,19,NV
2017,32,Henderson,15.0,14.0,13.0,18.0,13.0,20.0,11.0,7.0,13.0,25,NV
2018,19,Henderson,16.0,14.0,12.0,32.0,25.0,40.0,23.0,13.0,30.0,32,NV
2019,26,Henderson,40.0,35.0,30.0,75.0,57.5,100.0,52.5,33.0,73.8,19,NV
2020,27,Henderson,26.0,34.0,38.0,78.0,100.0,100.0,45.0,32.0,79.5,26,NV
2016,91,Hialeah,10.0,1.0,20.0,3.0,12.0,0.0,1.0,14.0,7.0,91,FL
2017,90,Hialeah,9.0,1.0,19.0,3.0,11.0,0.0,1.0,19.0,8.0,91,FL
2018,95,Hialeah,8.0,1.0,20.0,3.0,19.0,0.0,1.0,40.0,16.0,90,FL
2019,92,Hialeah,20.0,2.5,55.0,7.5,42.5,0.0,2.5,100.0,39.6,95,FL
2020,90,Hialeah,20.0,1.0,52.0,11.0,77.0,0.0,1.0,100.0,48.3,92,FL
2015,22,Honolulu,4.0,20.0,34.0,4.0,16.0,7.0,3.0,20.0,46.0,28,HI
2016,27,Honolulu,4.0,20.0,32.0,5.0,20.0,6.0,4.0,20.0,13.0,22,HI
2017,32,Honolulu,4.0,20.0,32.0,5.0,20.0,4.0,3.0,20.0,12.0,27,HI
2018,48,Honolulu,13.0,20.0,21.0,9.0,24.0,3.0,8.0,40.0,16.0,32,HI
2019,50,Honolulu,30.0,45.0,55.0,27.5,55.0,10.0,20.0,100.0,42.9,48,HI
2020,41,Honolulu,28.0,39.0,69.0,39.0,52.0,10.0,14.0,100.0,40.2,50,HI
2015,58,Houston,10.0,15.0,16.0,3.0,9.0,8.0,7.0,9.0,33.0,48,TX
2016,78,Houston,11.0,15.0,12.0,3.0,8.0,8.0,7.0,8.0,8.0,58,TX
2017,81,Houston,12.0,15.0,12.0,2.0,7.0,5.0,6.0,7.0,6.0,78,TX
2018,77,Houston,9.0,19.0,12.0,4.0,12.0,11.0,11.0,16.0,16.0,81,TX
2019,82,Houston,22.5,27.5,40.0,22.5,27.5,20.0,25.0,40.0,28.8,77,TX
2020,78,Houston,21.0,29.0,40.0,42.0,30.0,18.0,21.0,40.0,27.7,82,TX
2015,73,Indianapolis,20.0,4.0,6.0,2.0,8.0,5.0,4.0,7.0,24.0,58,IN
2016,95,Indianapolis,19.0,5.0,4.0,2.0,8.0,5.0,5.0,7.0,6.0,73,IN
2017,98,Indianapolis,19.0,5.0,3.0,2.0,7.0,3.0,4.0,6.0,5.0,95,IN
2016,8,Irvine,12.0,20.0,27.0,20.0,9.0,4.0,11.0,18.0,11.0,8,CA
2017,7,Irvine,12.0,20.0,27.0,20.0,9.0,3.0,10.0,19.0,10.0,8,CA
2018,10,Irvine,13.0,20.0,27.0,40.0,17.0,3.0,20.0,38.0,18.0,7,CA
2019,6,Irvine,30.0,50.0,72.5,100.0,100.0,5.0,77.5,100.0,64.2,10,CA
2020,7,Irvine,28.0,50.0,73.0,100.0,100.0,4.0,77.0,100.0,67.3,6,CA
2016,85,Irving,8.0,5.0,17.0,6.0,3.0,9.0,13.0,11.0,9.0,85,TX
2017,85,Irving,8.0,5.0,17.0,6.0,3.0,8.0,12.0,10.0,8.0,85,TX
2018,82,Irving,8.0,5.0,17.0,11.0,3.0,14.0,24.0,21.0,15.0,85,TX
2019,87,Irving,15.0,12.5,45.0,30.0,7.5,50.0,55.0,53.0,33.3,82,TX
2020,89,Irving,14.0,11.0,45.0,36.0,3.0,44.0,48.0,53.0,30.2,87,TX
2015,68,Jacksonville,11.0,15.0,6.0,3.0,6.0,4.0,13.0,20.0,43.0,51,FL
2016,89,Jacksonville,11.0,15.0,3.0,3.0,6.0,3.0,13.0,18.0,10.0,68,FL
2017,90,Jacksonville,11.0,14.0,3.0,2.0,5.0,4.0,12.0,17.0,10.0,89,FL
2018,85,Jacksonville,11.0,15.0,3.0,5.0,8.0,8.0,30.0,35.0,21.0,90,FL
2019,78,Jacksonville,27.5,37.5,5.0,22.5,30.0,12.5,67.5,88.0,62.9,85,FL
2020,79,Jacksonville,27.0,37.0,1.0,32.0,26.0,12.0,60.0,90.0,61.3,78,FL
2015,31,Jersey City,1.0,19.0,36.0,1.0,10.0,20.0,3.0,14.0,47.0,31,NJ
2016,36,Jersey City,1.0,20.0,36.0,2.0,10.0,20.0,4.0,13.0,12.0,31,NJ
2017,40,Jersey City,1.0,19.0,36.0,1.0,9.0,20.0,3.0,12.0,11.0,36,NJ
2018,53,Jersey City,1.0,19.0,36.0,2.0,15.0,40.0,7.0,24.0,17.0,40,NJ
2019,51,Jersey City,2.5,47.5,90.0,2.5,32.5,100.0,15.0,60.0,55.4,53,NJ
2020,47,Jersey City,1.0,47.0,91.0,11.0,32.0,88.0,5.0,62.0,50.0,51,NJ
2015,29,Kansas City,20.0,9.0,24.0,13.0,5.0,8.0,7.0,5.0,25.0,16,MO
2016,36,Kansas City,20.0,9.0,22.0,14.0,5.0,7.0,8.0,5.0,6.0,29,MO
2017,38,Kansas City,20.0,9.0,21.0,14.0,5.0,5.0,8.0,5.0,6.0,36,MO
2018,31,Kansas City,20.0,9.0,21.0,27.0,16.0,14.0,17.0,10.0,18.0,38,MO
2019,32,Kansas City,50.0,22.5,55.0,67.5,35.0,27.5,42.5,23.0,41.7,31,MO
2020,32,Kansas City,50.0,22.0,54.0,73.0,32.0,24.0,81.0,25.0,47.5,32,MO
2017,93,Laredo,8.0,1.0,12.0,7.0,20.0,2.0,8.0,12.0,11.0,93,TX
2018,93,Laredo,8.0,1.0,12.0,12.0,40.0,3.0,16.0,40.0,17.0,93,TX
2019,94,Laredo,20.0,2.5,32.5,27.5,100.0,5.0,35.0,63.0,37.9,93,TX
2020,86,Laredo,18.0,2.0,31.0,28.0,100.0,57.0,38.0,54.0,62.8,94,TX
2015,35,Las Vegas,15.0,2.0,20.0,19.0,1.0,20.0,12.0,10.0,43.0,35,NV
2016,31,Las Vegas,15.0,6.0,24.0,16.0,2.0,20.0,15.0,9.0,12.0,35,NV
2017,24,Las Vegas,4.0,20.0,24.0,15.0,3.0,20.0,16.0,10.0,12.0,31,NV
2018,34,Las Vegas,4.0,20.0,21.0,25.0,4.0,40.0,32.0,19.0,24.0,24,NV
2019,36,Las Vegas,5.0,50.0,62.5,50.0,10.0,100.0,75.0,45.0,60.8,34,NV
2020,42,Las Vegas,3.0,50.0,62.0,43.0,5.0,100.0,51.0,46.0,56.0,36,NV
2015,51,Lexington,20.0,1.0,16.0,7.0,17.0,17.0,7.0,3.0,44.0,51,KY
2016,60,Lexington,20.0,2.0,14.0,9.0,16.0,14.0,8.0,4.0,11.0,51,KY
2017,63,Lexington,20.0,2.0,13.0,9.0,14.0,16.0,6.0,5.0,10.0,60,KY
2018,55,Lexington,20.0,2.0,14.0,16.0,24.0,40.0,13.0,12.0,22.0,63,KY
2019,66,Lexington,50.0,5.0,32.5,37.5,47.5,85.0,27.5,30.0,51.7,55,KY
2020,62,Lexington,50.0,3.0,29.0,40.0,56.0,74.0,49.0,30.0,54.3,66,KY
2015,24,Lincoln,13.0,5.0,34.0,10.0,7.0,9.0,20.0,6.0,42.0,24,NE
2016,27,Lincoln,12.0,7.0,33.0,10.0,13.0,8.0,20.0,6.0,12.0,24,NE
2017,24,Lincoln,11.0,7.0,33.0,10.0,13.0,15.0,20.0,9.0,14.0,27,NE
2018,24,Lincoln,14.0,7.0,33.0,19.0,40.0,28.0,39.0,15.0,28.0,24,NE
2019,25,Lincoln,30.0,17.5,87.5,52.5,100.0,60.0,90.0,38.0,68.8,24,NE
2020,25,Lincoln,30.0,16.0,88.0,58.0,100.0,52.0,85.0,39.0,66.5,25,NE
2015,18,Long Beach,5.0,10.0,32.0,19.0,5.0,16.0,2.0,15.0,38.0,24,CA
2016,22,Long Beach,5.0,11.0,30.0,20.0,5.0,20.0,3.0,15.0,11.0,18,CA
2017,24,Long Beach,5.0,10.0,30.0,20.0,4.0,19.0,3.0,14.0,10.0,22,CA
2018,21,Long Beach,6.0,10.0,30.0,40.0,6.0,40.0,7.0,28.0,17.0,24,CA
2019,19,Long Beach,15.0,25.0,77.5,100.0,15.0,97.5,17.5,73.0,50.4,21,CA
2020,23,Long Beach,14.0,25.0,76.0,100.0,13.0,85.0,10.0,88.0,50.0,19,CA
2015,51,Los Angeles,9.0,15.0,18.0,7.0,1.0,3.0,2.0,16.0,22.0,45,CA
2016,65,Los Angeles,9.0,15.0,16.0,9.0,1.0,2.0,3.0,14.0,5.0,51,CA
2017,74,Los Angeles,9.0,13.0,15.0,9.0,1.0,1.0,2.0,13.0,4.0,65,CA
2018,66,Los Angeles,9.0,13.0,16.0,21.0,10.0,1.0,5.0,28.0,10.0,74,CA
2019,55,Los Angeles,22.5,32.5,45.0,62.5,50.0,2.5,10.0,70.0,27.5,66,CA
2020,49,Los Angeles,22.0,32.0,42.0,73.0,47.0,2.0,4.0,77.0,30.3,55,CA
2015,72,Louisville,15.0,6.0,6.0,5.0,9.0,10.0,5.0,5.0,29.0,58,KY
2016,93,Louisville,15.0,7.0,4.0,6.0,8.0,10.0,9.0,5.0,8.0,72,KY
2017,96,Louisville,15.0,7.0,4.0,4.0,7.0,8.0,8.0,6.0,7.0,93,KY
2018,84,Louisville,15.0,7.0,3.0,8.0,12.0,16.0,16.0,12.0,23.0,96,KY
2019,80,Louisville,37.5,20.0,10.0,25.0,37.5,45.0,47.5,35.0,60.8,84,KY
2020,81,Louisville,35.0,19.0,6.0,34.0,33.0,46.0,55.0,36.0,61.7,80,KY
2016,87,Lubbock,19.0,2.0,15.0,4.0,2.0,0.0,9.0,5.0,4.0,87,TX
2017,85,Lubbock,19.0,2.0,15.0,4.0,2.0,0.0,9.0,5.0,4.0,87,TX
2018,89,Lubbock,19.0,2.0,15.0,6.0,35.0,0.0,16.0,9.0,12.0,85,TX
2019,90,Lubbock,47.5,5.0,35.0,12.5,77.5,25.0,35.0,23.0,32.9,89,TX
2020,93,Lubbock,46.0,4.0,33.0,13.0,71.0,23.0,28.0,22.0,30.3,90,TX
2016,10,Madison,9.0,14.0,35.0,14.0,20.0,20.0,20.0,1.0,15.0,10,WI
2017,9,Madison,9.0,14.0,35.0,15.0,20.0,20.0,20.0,1.0,15.0,10,WI
2018,12,Madison,9.0,14.0,35.0,27.0,40.0,40.0,40.0,1.0,28.0,9,WI
2019,12,Madison,22.5,35.0,92.5,70.0,100.0,100.0,100.0,3.0,71.3,12,WI
2020,12,Madison,21.0,36.0,93.0,74.0,100.0,100.0,100.0,1.0,71.2,12,WI
2015,67,Memphis,20.0,3.0,10.0,5.0,11.0,5.0,5.0,13.0,34.0,53,TN
2016,85,Memphis,19.0,4.0,9.0,5.0,11.0,4.0,6.0,12.0,8.0,67,TN
2017,84,Memphis,20.0,4.0,8.0,5.0,10.0,3.0,6.0,12.0,8.0,85,TN
2018,91,Memphis,20.0,4.0,9.0,9.0,17.0,5.0,11.0,23.0,11.0,84,TN
2019,88,Memphis,50.0,10.0,20.0,30.0,40.0,17.5,27.5,60.0,26.3,91,TN
2020,88,Memphis,48.0,9.0,17.0,38.0,37.0,16.0,20.0,63.0,25.2,88,TN
2015,70,Mesa,6.0,1.0,24.0,7.0,10.0,5.0,4.0,2.0,21.0,56,AZ
2016,91,Mesa,5.0,2.0,21.0,8.0,10.0,4.0,4.0,2.0,5.0,70,AZ
2017,95,Mesa,5.0,2.0,20.0,7.0,9.0,3.0,3.0,2.0,4.0,91,AZ
2018,96,Mesa,5.0,2.0,20.0,12.0,17.0,4.0,7.0,4.0,7.0,95,AZ
2019,96,Mesa,12.5,7.5,50.0,30.0,37.5,5.0,15.0,13.0,17.9,96,AZ
2020,96,Mesa,12.0,8.0,48.0,32.0,34.0,5.0,8.0,12.0,16.0,96,AZ
2015,40,Miami,3.0,5.0,30.0,10.0,14.0,9.0,4.0,20.0,47.0,48,FL
2016,52,Miami,3.0,6.0,30.0,10.0,13.0,7.0,4.0,19.0,11.0,40,FL
2017,48,Miami,4.0,6.0,30.0,11.0,11.0,8.0,4.0,19.0,11.0,52,FL
2018,50,Miami,5.0,6.0,30.0,17.0,20.0,16.0,7.0,40.0,19.0,48,FL
2019,54,Miami,12.5,15.0,80.0,35.0,45.0,32.5,15.0,100.0,48.8,50,FL
2020,64,Miami,11.0,15.0,81.0,21.0,40.0,28.0,8.0,100.0,46.0,54,FL
2015,22,Milwaukee,9.0,8.0,36.0,9.0,19.0,6.0,9.0,12.0,46.0,22,WI
2016,27,Milwaukee,9.0,9.0,34.0,10.0,20.0,5.0,11.0,12.0,12.0,22,WI
2017,21,Milwaukee,8.0,10.0,34.0,13.0,20.0,4.0,10.0,11.0,11.0,27,WI
2018,17,Milwaukee,9.0,11.0,34.0,28.0,40.0,6.0,20.0,23.0,25.0,21,WI
2019,24,Milwaukee,22.5,22.5,87.5,65.0,95.0,12.5,47.5,58.0,59.6,17,WI
2020,28,Milwaukee,21.0,23.0,86.0,61.0,89.0,11.0,68.0,61.0,64.2,24,WI
2015,1,Minneapolis,13.0,16.0,38.0,20.0,5.0,20.0,11.0,20.0,56.0,1,MN
2016,1,Minneapolis,12.0,16.0,39.0,20.0,16.0,20.0,11.0,20.0,17.0,1,MN
2017,1,Minneapolis,13.0,15.0,39.0,20.0,18.0,17.0,15.0,20.0,18.0,1,MN
2018,1,Minneapolis,11.0,16.0,39.0,40.0,22.0,35.0,33.0,40.0,29.0,1,MN
2019,3,Minneapolis,27.5,37.5,95.0,100.0,52.5,75.0,77.5,100.0,67.1,1,MN
2020,1,Minneapolis,26.0,38.0,98.0,100.0,47.0,65.0,73.0,100.0,79.3,3,MN
2015,51,Nashville,20.0,10.0,8.0,7.0,12.0,9.0,7.0,11.0,39.0,45,TN
2016,55,Nashville,20.0,11.0,7.0,10.0,12.0,10.0,8.0,10.0,10.0,51,TN
2017,53,Nashville,20.0,11.0,7.0,12.0,10.0,9.0,7.0,9.0,9.0,55,TN
2018,54,Nashville,20.0,11.0,6.0,20.0,18.0,23.0,24.0,19.0,17.0,53,TN
2019,57,Nashville,50.0,27.5,15.0,50.0,57.5,47.5,35.0,50.0,37.9,54,TN
2020,70,Nashville,50.0,26.0,13.0,42.0,54.0,41.0,28.0,51.0,35.3,57,TN
2015,31,New Orleans,3.0,20.0,30.0,9.0,5.0,6.0,9.0,7.0,27.0,18,LA
2016,41,New Orleans,3.0,20.0,28.0,10.0,5.0,8.0,10.0,6.0,7.0,31,LA
2017,37,New Orleans,3.0,20.0,28.0,13.0,5.0,6.0,9.0,8.0,7.0,41,LA
2018,24,New Orleans,3.0,20.0,28.0,36.0,7.0,13.0,19.0,18.0,14.0,37,LA
2019,21,New Orleans,7.5,50.0,72.5,100.0,15.0,25.0,42.5,45.0,35.4,24,LA
2020,20,New Orleans,8.0,50.0,70.0,94.0,44.0,23.0,91.0,47.0,48.7,21,LA
2015,5,New York,2.0,20.0,40.0,20.0,14.0,20.0,6.0,1.0,41.0,2,NY
2016,7,New York,1.0,20.0,40.0,20.0,14.0,17.0,7.0,1.0,10.0,5,NY
2017,7,New York,1.0,20.0,39.0,20.0,13.0,15.0,6.0,1.0,9.0,7,NY
2018,9,New York,1.0,20.0,39.0,40.0,23.0,33.0,16.0,2.0,20.0,7,NY
2019,9,New York,5.0,50.0,100.0,100.0,62.5,75.0,32.5,3.0,49.2,9,NY
2020,11,New York,3.0,50.0,99.0,100.0,58.0,66.0,27.0,1.0,45.8,9,NY
2015,63,Newark,1.0,5.0,36.0,3.0,4.0,0.0,1.0,12.0,17.0,63,NJ
2016,75,Newark,2.0,6.0,36.0,3.0,4.0,0.0,2.0,11.0,4.0,63,NJ
2017,81,Newark,1.0,6.0,35.0,1.0,4.0,0.0,1.0,10.0,4.0,75,NJ
2018,73,Newark,1.0,6.0,35.0,5.0,14.0,0.0,3.0,21.0,16.0,81,NJ
2019,74,Newark,2.5,12.5,90.0,17.5,35.0,0.0,7.5,53.0,37.5,73,NJ
2020,69,Newark,2.0,13.0,91.0,24.0,31.0,3.0,1.0,56.0,37.2,74,NJ
2016,43,Norfolk,8.0,6.0,25.0,8.0,20.0,20.0,17.0,20.0,19.0,43,VA
2017,42,Norfolk,8.0,6.0,25.0,8.0,20.0,20.0,16.0,20.0,19.0,43,VA
2018,45,Norfolk,3.0,5.0,25.0,15.0,40.0,40.0,40.0,40.0,33.0,42,VA
2019,44,Norfolk,7.5,12.5,65.0,37.5,100.0,100.0,100.0,100.0,82.5,45,VA
2020,48,Norfolk,6.0,11.0,63.0,43.0,100.0,100.0,100.0,100.0,76.7,44,VA
2016,35,North Las Vegas,11.0,20.0,18.0,17.0,8.0,4.0,9.0,2.0,6.0,35,NV
2017,47,North Las Vegas,11.0,20.0,17.0,9.0,7.0,7.0,8.0,2.0,6.0,35,NV
2018,52,North Las Vegas,14.0,20.0,17.0,12.0,11.0,14.0,16.0,3.0,13.0,47,NV
2019,60,North Las Vegas,35.0,50.0,47.5,20.0,22.5,27.5,37.5,8.0,30.8,52,NV
2020,60,North Las Vegas,33.0,50.0,45.0,24.0,18.0,25.0,20.0,7.0,26.2,60,NV
2015,11,Oakland,4.0,20.0,34.0,17.0,10.0,9.0,6.0,16.0,41.0,13,CA
2016,14,Oakland,4.0,20.0,33.0,17.0,10.0,8.0,6.0,15.0,10.0,11,CA
2017,24,Oakland,4.0,12.0,32.0,17.0,9.0,9.0,6.0,15.0,10.0,14,CA
2018,38,Oakland,4.0,12.0,32.0,22.0,15.0,40.0,11.0,31.0,22.0,24,CA
2019,40,Oakland,10.0,30.0,82.5,52.5,35.0,100.0,25.0,73.0,45.4,38,CA
2020,51,Oakland,8.0,29.0,83.0,31.0,31.0,100.0,18.0,78.0,44.5,40,CA
2015,70,Oklahoma City,13.0,6.0,12.0,5.0,4.0,6.0,6.0,11.0,27.0,55,OK
2016,89,Oklahoma City,13.0,7.0,9.0,6.0,7.0,5.0,6.0,10.0,7.0,70,OK
2017,88,Oklahoma City,13.0,7.0,9.0,7.0,7.0,4.0,7.0,11.0,7.0,89,OK
2018,81,Oklahoma City,14.0,7.0,8.0,12.0,9.0,5.0,11.0,19.0,17.0,88,OK
2019,97,Oklahoma City,22.5,7.5,10.0,32.5,20.0,5.0,42.5,48.0,42.1,81,OK
2020,97,Oklahoma City,22.0,10.0,5.0,26.0,14.0,1.0,16.0,42.0,32.2,97,OK
2015,19,Omaha,14.0,14.0,30.0,7.0,6.0,5.0,18.0,9.0,38.0,12,NE
2016,25,Omaha,13.0,15.0,29.0,8.0,7.0,5.0,18.0,9.0,10.0,19,NE
2017,21,Omaha,14.0,14.0,28.0,8.0,20.0,3.0,17.0,8.0,12.0,25,NE
2018,33,Omaha,14.0,12.0,28.0,15.0,37.0,5.0,36.0,16.0,25.0,21,NE
2019,35,Omaha,35.0,32.5,72.5,37.5,85.0,7.5,85.0,40.0,52.5,33,NE
2020,38,Omaha,31.0,33.0,72.0,40.0,77.0,6.0,73.0,40.0,48.7,35,NE
2016,55,Orlando,6.0,6.0,18.0,14.0,20.0,4.0,10.0,20.0,14.0,55,FL
2017,53,Orlando,7.0,5.0,17.0,15.0,19.0,11.0,9.0,20.0,15.0,55,FL
2018,46,Orlando,6.0,5.0,18.0,27.0,33.0,20.0,17.0,38.0,24.0,53,FL
2019,47,Orlando,15.0,15.0,47.5,65.0,80.0,40.0,32.5,95.0,57.9,46,FL
2020,52,Orlando,15.0,14.0,45.0,65.0,75.0,35.0,24.0,98.0,55.3,47,FL
2015,19,Philadelphia,7.0,13.0,38.0,6.0,17.0,3.0,5.0,20.0,45.0,20,PA
2016,22,Philadelphia,7.0,14.0,37.0,7.0,17.0,3.0,6.0,20.0,12.0,19,PA
2017,32,Philadelphia,7.0,13.0,37.0,6.0,15.0,1.0,5.0,20.0,10.0,22,PA
2018,30,Philadelphia,6.0,14.0,37.0,16.0,33.0,5.0,9.0,40.0,23.0,32,PA
2019,18,Philadelphia,12.5,35.0,95.0,65.0,77.5,7.5,22.5,100.0,59.2,30,PA
2020,15,Philadelphia,12.0,33.0,93.0,77.0,73.0,10.0,43.0,100.0,65.3,18,PA
2015,37,Phoenix,20.0,16.0,14.0,11.0,2.0,4.0,5.0,7.0,18.0,28,AZ
2016,49,Phoenix,20.0,16.0,11.0,10.0,2.0,6.0,6.0,7.0,5.0,37,AZ
2017,56,Phoenix,20.0,15.0,10.0,8.0,2.0,4.0,5.0,5.0,4.0,49,AZ
2018,56,Phoenix,20.0,16.0,10.0,17.0,1.0,11.0,9.0,9.0,10.0,56,AZ
2019,56,Phoenix,50.0,40.0,27.5,42.5,2.5,25.0,22.5,23.0,28.3,56,AZ
2020,56,Phoenix,50.0,38.0,22.0,47.0,16.0,22.0,17.0,23.0,28.0,56,AZ
2015,24,Pittsburgh,3.0,9.0,34.0,9.0,14.0,20.0,18.0,20.0,72.0,24,PA
2016,39,Pittsburgh,3.0,9.0,32.0,7.0,15.0,20.0,17.0,20.0,18.0,24,PA
2017,39,Pittsburgh,3.0,10.0,32.0,7.0,13.0,20.0,16.0,20.0,17.0,39,PA
2018,23,Pittsburgh,4.0,11.0,32.0,20.0,24.0,40.0,31.0,40.0,35.0,39,PA
2019,22,Pittsburgh,10.0,25.0,87.5,62.5,75.0,100.0,72.5,100.0,77.1,23,PA
2020,15,Pittsburgh,9.0,26.0,88.0,79.0,95.0,94.0,68.0,100.0,78.5,22,PA
2015,17,Plano,20.0,9.0,28.0,14.0,6.0,4.0,9.0,4.0,23.0,17,TX
2016,18,Plano,20.0,12.0,27.0,15.0,6.0,3.0,10.0,4.0,6.0,17,TX
2017,17,Plano,20.0,9.0,26.0,18.0,5.0,2.0,9.0,4.0,5.0,18,TX
2018,18,Plano,20.0,10.0,26.0,40.0,18.0,2.0,18.0,8.0,10.0,17,TX
2019,15,Plano,50.0,22.5,65.0,100.0,100.0,2.5,90.0,20.0,44.6,18,TX
2020,17,Plano,50.0,25.0,63.0,100.0,100.0,34.0,32.0,19.0,42.0,15,TX
2015,5,Portland,9.0,19.0,34.0,17.0,15.0,20.0,7.0,8.0,50.0,3,OR
2016,6,Portland,9.0,19.0,33.0,18.0,15.0,20.0,8.0,7.0,13.0,5,OR
2017,5,Portland,9.0,19.0,33.0,20.0,14.0,20.0,7.0,7.0,12.0,6,OR
2018,6,Portland,9.0,19.0,33.0,40.0,38.0,40.0,14.0,15.0,24.0,5,OR
2019,5,Portland,22.5,47.5,85.0,100.0,57.5,100.0,32.5,38.0,63.8,6,OR
2020,6,Portland,22.0,47.0,85.0,100.0,45.0,100.0,28.0,38.0,65.0,5,OR
2015,24,Raleigh,8.0,15.0,18.0,18.0,20.0,8.0,8.0,20.0,56.0,21,NC
2016,36,Raleigh,8.0,15.0,15.0,19.0,20.0,7.0,8.0,20.0,14.0,24,NC
2017,35,Raleigh,8.0,15.0,15.0,20.0,20.0,6.0,8.0,20.0,14.0,36,NC
2018,34,Raleigh,8.0,11.0,15.0,40.0,38.0,10.0,14.0,40.0,20.0,35,NC
2019,30,Raleigh,20.0,27.5,37.5,100.0,85.0,42.5,35.0,100.0,59.2,34,NC
2020,31,Raleigh,31.0,33.0,36.0,88.0,80.0,47.0,29.0,100.0,59.5,30,NC
2016,71,Reno,8.0,5.0,25.0,5.0,13.0,9.0,11.0,4.0,9.0,71,NV
2017,72,Reno,8.0,5.0,25.0,4.0,14.0,7.0,11.0,4.0,9.0,71,NV
2018,75,Reno,10.0,5.0,26.0,7.0,25.0,13.0,22.0,7.0,14.0,72,NV
2019,63,Reno,25.0,12.5,65.0,20.0,55.0,47.5,50.0,18.0,55.8,75,NV
2020,68,Reno,23.0,12.0,63.0,23.0,50.0,41.0,25.0,17.0,49.5,63,NV
2016,48,Richmond,7.0,5.0,27.0,8.0,20.0,10.0,15.0,20.0,16.0,48,VA
2017,48,Richmond,7.0,5.0,26.0,8.0,20.0,13.0,10.0,20.0,16.0,48,VA
2018,58,Richmond,4.0,7.0,26.0,14.0,22.0,27.0,15.0,40.0,21.0,48,VA
2015,40,Riverside,20.0,6.0,14.0,9.0,9.0,16.0,4.0,16.0,45.0,34,CA
2016,58,Riverside,20.0,7.0,11.0,8.0,9.0,14.0,5.0,15.0,11.0,40,CA
2017,63,Riverside,20.0,6.0,11.0,7.0,10.0,12.0,4.0,14.0,10.0,58,CA
2018,57,Riverside,20.0,7.0,12.0,13.0,18.0,9.0,18.0,29.0,21.0,63,CA
2019,62,Riverside,50.0,15.0,30.0,35.0,42.5,17.5,20.0,73.0,48.8,57,CA
2020,60,Riverside,50.0,16.0,26.0,39.0,38.0,16.0,11.0,76.0,46.8,62,CA
2015,13,Sacramento,11.0,7.0,30.0,17.0,10.0,20.0,16.0,14.0,60.0,7,CA
2016,17,Sacramento,10.0,9.0,29.0,18.0,10.0,20.0,16.0,13.0,15.0,13,CA
2017,21,Sacramento,11.0,8.0,29.0,14.0,9.0,20.0,16.0,12.0,14.0,17,CA
2018,22,Sacramento,10.0,8.0,29.0,28.0,15.0,40.0,34.0,24.0,27.0,21,CA
2019,27,Sacramento,25.0,15.0,75.0,67.5,47.5,100.0,80.0,43.0,68.8,22,CA
2020,30,Sacramento,25.0,21.0,75.0,67.0,12.0,100.0,75.0,41.0,60.2,27,CA
2015,60,San Antonio,20.0,8.0,6.0,11.0,5.0,5.0,4.0,8.0,22.0,53,TX
2016,71,San Antonio,20.0,9.0,6.0,11.0,5.0,5.0,6.0,9.0,6.0,60,TX
2017,69,San Antonio,20.0,10.0,6.0,11.0,5.0,6.0,5.0,9.0,6.0,71,TX
2018,67,San Antonio,20.0,11.0,6.0,18.0,7.0,12.0,10.0,18.0,12.0,69,TX
2019,72,San Antonio,50.0,25.0,15.0,45.0,15.0,32.5,25.0,50.0,29.6,67,TX
2020,75,San Antonio,47.0,28.0,13.0,46.0,13.0,32.0,20.0,51.0,29.3,72,TX
2015,9,San Diego,13.0,20.0,30.0,12.0,11.0,14.0,6.0,13.0,44.0,9,CA
2016,12,San Diego,13.0,20.0,29.0,13.0,11.0,12.0,7.0,12.0,11.0,9,CA
2017,14,San Diego,11.0,20.0,28.0,14.0,9.0,11.0,6.0,12.0,10.0,12,CA
2018,16,San Diego,13.0,20.0,28.0,31.0,16.0,22.0,15.0,24.0,15.0,14,CA
2019,16,San Diego,32.5,50.0,70.0,85.0,37.5,45.0,35.0,60.0,37.1,16,CA
2020,18,San Diego,32.0,50.0,71.0,86.0,35.0,44.0,33.0,65.0,37.2,16,CA
2015,4,San Francisco,3.0,20.0,40.0,20.0,6.0,20.0,4.0,8.0,38.0,3,CA
2016,5,San Francisco,3.0,20.0,40.0,20.0,6.0,20.0,7.0,8.0,10.0,4,CA
2017,3,San Francisco,3.0,20.0,40.0,20.0,13.0,20.0,8.0,10.0,13.0,5,CA
2018,5,San Francisco,2.0,20.0,40.0,40.0,39.0,40.0,19.0,20.0,25.0,3,CA
2019,7,San Francisco,5.0,50.0,100.0,100.0,65.0,100.0,42.5,50.0,60.8,5,CA
2020,8,San Francisco,4.0,50.0,100.0,100.0,61.0,100.0,46.0,52.0,61.7,7,CA
2015,29,San Jose,7.0,15.0,26.0,14.0,4.0,11.0,9.0,15.0,39.0,18,CA
2016,31,San Jose,7.0,16.0,25.0,15.0,5.0,11.0,10.0,14.0,10.0,29,CA
2017,24,San Jose,6.0,15.0,27.0,18.0,4.0,9.0,10.0,13.0,9.0,31,CA
2018,27,San Jose,7.0,15.0,28.0,31.0,10.0,17.0,21.0,24.0,18.0,24,CA
2019,31,San Jose,17.5,35.0,70.0,67.5,27.5,40.0,55.0,60.0,45.4,27,CA
2020,36,San Jose,13.0,40.0,74.0,58.0,15.0,46.0,50.0,65.0,47.2,31,CA
2015,69,Santa Ana,12.0,1.0,26.0,3.0,3.0,0.0,3.0,7.0,13.0,52,CA
2016,83,Santa Ana,11.0,2.0,25.0,4.0,3.0,0.0,4.0,7.0,4.0,69,CA
2017,75,Santa Ana,12.0,4.0,25.0,4.0,3.0,0.0,3.0,10.0,4.0,83,CA
2018,87,Santa Ana,12.0,4.0,25.0,5.0,11.0,0.0,3.0,22.0,8.0,75,CA
2019,85,Santa Ana,30.0,10.0,65.0,17.5,25.0,0.0,12.5,60.0,23.8,87,CA
2020,85,Santa Ana,28.0,8.0,63.0,24.0,22.0,0.0,6.0,63.0,23.0,85,CA
2016,41,Scottsdale,20.0,20.0,6.0,13.0,5.0,15.0,5.0,10.0,9.0,41,AZ
2017,42,Scottsdale,20.0,20.0,6.0,12.0,4.0,12.0,5.0,9.0,8.0,41,AZ
2018,44,Scottsdale,20.0,20.0,6.0,22.0,5.0,24.0,9.0,19.0,17.0,42,AZ
2019,41,Scottsdale,50.0,50.0,12.5,57.5,12.5,50.0,20.0,45.0,44.2,44,AZ
2020,44,Scottsdale,50.0,50.0,9.0,59.0,8.0,43.0,12.0,47.0,43.3,41,AZ
2015,9,Seattle,4.0,13.0,38.0,20.0,6.0,20.0,8.0,11.0,45.0,14,WA
2016,13,Seattle,4.0,13.0,37.0,20.0,6.0,20.0,9.0,10.0,11.0,9,WA
2017,11,Seattle,4.0,13.0,37.0,20.0,5.0,20.0,8.0,9.0,11.0,13,WA
2018,11,Seattle,4.0,13.0,37.0,40.0,21.0,40.0,15.0,19.0,23.0,11,WA
2019,11,Seattle,10.0,32.5,95.0,100.0,47.5,90.0,32.5,48.0,56.3,11,WA
2020,14,Seattle,10.0,32.0,95.0,100.0,43.0,78.0,26.0,47.0,52.0,11,WA
2015,35,St. Louis,2.0,9.0,34.0,11.0,7.0,20.0,8.0,8.0,43.0,27,MO
2016,22,St. Louis,2.0,10.0,36.0,18.0,7.0,18.0,9.0,8.0,11.0,35,MO
2017,17,St. Louis,4.0,9.0,35.0,20.0,8.0,15.0,8.0,7.0,10.0,22,MO
2018,14,St. Louis,4.0,10.0,34.0,40.0,16.0,33.0,19.0,15.0,23.0,17,MO
2019,14,St. Louis,10.0,22.5,95.0,100.0,37.5,70.0,47.5,40.0,55.8,14,MO
2020,13,St. Louis,9.0,23.0,97.0,100.0,34.0,78.0,45.0,41.0,61.3,14,MO
2015,1,St. Paul,7.0,16.0,40.0,20.0,17.0,18.0,16.0,20.0,71.0,1,MN
2016,2,St. Paul,7.0,16.0,39.0,20.0,17.0,15.0,16.0,20.0,17.0,1,MN
2017,2,St. Paul,7.0,16.0,39.0,20.0,20.0,13.0,15.0,20.0,17.0,2,MN
2018,2,St. Paul,6.0,16.0,38.0,40.0,40.0,26.0,30.0,40.0,32.0,2,MN
2019,2,St. Paul,15.0,40.0,97.5,100.0,100.0,55.0,77.5,100.0,80.4,2,MN
2020,3,St. Paul,14.0,39.0,99.0,100.0,100.0,49.0,72.0,100.0,78.0,2,MN
2016,18,St. Petersburg,6.0,17.0,26.0,16.0,9.0,20.0,14.0,16.0,15.0,18,FL
2017,16,St. Petersburg,6.0,16.0,25.0,16.0,15.0,20.0,13.0,15.0,16.0,18,FL
2018,15,St. Petersburg,6.0,17.0,26.0,30.0,28.0,40.0,26.0,31.0,28.0,16,FL
2019,17,St. Petersburg,15.0,40.0,65.0,77.5,62.5,100.0,65.0,80.0,75.0,15,FL
2020,19,St. Petersburg,15.0,40.0,63.0,83.0,58.0,94.0,58.0,82.0,72.0,17,FL
2015,64,Stockton,10.0,1.0,26.0,1.0,15.0,13.0,8.0,5.0,41.0,64,CA
2016,82,Stockton,10.0,2.0,25.0,1.0,14.0,11.0,9.0,5.0,10.0,64,CA
2017,75,Stockton,12.0,2.0,25.0,1.0,13.0,10.0,9.0,5.0,9.0,82,CA
2018,80,Stockton,12.0,2.0,25.0,1.0,22.0,17.0,16.0,9.0,19.0,75,CA
2019,84,Stockton,30.0,5.0,62.5,2.5,50.0,35.0,37.5,23.0,47.9,80,CA
2020,87,Stockton,28.0,5.0,60.0,1.0,47.0,32.0,31.0,23.0,46.0,84,CA
2015,34,Tampa,9.0,6.0,22.0,14.0,20.0,20.0,8.0,20.0,68.0,28,FL
2016,39,Tampa,8.0,7.0,19.0,18.0,20.0,20.0,9.0,20.0,17.0,34,FL
2017,40,Tampa,8.0,7.0,18.0,18.0,18.0,20.0,8.0,20.0,17.0,39,FL
2018,39,Tampa,9.0,7.0,18.0,24.0,40.0,40.0,15.0,40.0,33.0,40,FL
2019,45,Tampa,22.5,17.5,45.0,32.5,100.0,100.0,40.0,100.0,87.5,39,FL
2020,56,Tampa,20.0,17.0,43.0,21.0,92.0,100.0,32.0,100.0,84.3,45,FL
2015,55,Toledo,10.0,5.0,30.0,4.0,6.0,4.0,10.0,1.0,21.0,55,OH
2016,69,Toledo,10.0,6.0,28.0,4.0,6.0,3.0,11.0,1.0,5.0,55,OH
2017,63,Toledo,11.0,6.0,27.0,4.0,6.0,6.0,10.0,1.0,6.0,69,OH
2018,79,Toledo,11.0,6.0,28.0,5.0,5.0,11.0,21.0,1.0,9.0,63,OH
2019,76,Toledo,27.5,15.0,72.5,12.5,37.5,22.5,72.5,25.0,31.3,79,OH
2020,77,Toledo,25.0,14.0,72.0,16.0,41.0,21.0,69.0,26.0,33.2,76,OH
2015,64,Tucson,8.0,1.0,20.0,10.0,3.0,12.0,14.0,8.0,37.0,42,AZ
2016,83,Tucson,9.0,2.0,17.0,9.0,3.0,15.0,7.0,10.0,9.0,64,AZ
2017,85,Tucson,10.0,2.0,17.0,7.0,3.0,15.0,5.0,10.0,8.0,83,AZ
2018,86,Tucson,10.0,2.0,17.0,9.0,14.0,30.0,14.0,20.0,17.0,85,AZ
2019,81,Tucson,27.5,5.0,47.5,22.5,80.0,65.0,47.5,50.0,52.9,86,AZ
2020,84,Tucson,25.0,5.0,44.0,24.0,73.0,55.0,41.0,55.0,50.3,81,AZ
2015,45,Tulsa,19.0,7.0,20.0,4.0,8.0,6.0,11.0,8.0,33.0,40,OK
2016,60,Tulsa,19.0,8.0,16.0,5.0,7.0,5.0,11.0,8.0,8.0,45,OK
2017,59,Tulsa,19.0,7.0,16.0,6.0,6.0,3.0,10.0,7.0,7.0,60,OK
2018,60,Tulsa,19.0,7.0,15.0,12.0,11.0,5.0,17.0,15.0,18.0,59,OK
2019,57,Tulsa,47.5,20.0,40.0,35.0,17.5,10.0,40.0,15.0,37.1,60,OK
2020,55,Tulsa,47.0,16.0,39.0,49.0,13.0,10.0,33.0,23.0,36.0,57,OK
2015,24,Virginia Beach,8.0,16.0,20.0,18.0,14.0,8.0,17.0,3.0,42.0,10,VA
2016,31,Virginia Beach,8.0,17.0,18.0,20.0,13.0,7.0,16.0,4.0,10.0,24,VA
2017,24,Virginia Beach,12.0,16.0,18.0,20.0,11.0,5.0,16.0,3.0,9.0,31,VA
2018,28,Virginia Beach,7.0,17.0,19.0,40.0,21.0,10.0,34.0,7.0,15.0,24,VA
2019,29,Virginia Beach,17.5,40.0,47.5,100.0,47.5,20.0,77.5,18.0,38.8,28,VA
2020,26,Virginia Beach,24.0,46.0,51.0,100.0,44.0,18.0,74.0,17.0,37.2,29,VA
2015,3,"Washington, D.C.",1.0,20.0,40.0,20.0,16.0,20.0,6.0,20.0,62.0,3,DC
2016,3,"Washington, D.C.",1.0,20.0,40.0,20.0,17.0,19.0,6.0,20.0,16.0,3,DC
2017,4,"Washington, D.C.",2.0,20.0,39.0,20.0,14.0,17.0,5.0,20.0,14.0,3,DC
2018,3,"Washington, D.C.",2.0,20.0,39.0,40.0,38.0,37.0,10.0,40.0,30.0,4,DC
2019,1,"Washington, D.C.",5.0,50.0,97.5,100.0,97.5,85.0,25.0,100.0,82.5,3,DC
2020,2,"Washington, D.C.",5.0,50.0,98.0,100.0,100.0,81.0,21.0,100.0,80.3,1,DC
2015,64,Wichita,20.0,3.0,16.0,4.0,2.0,6.0,7.0,6.0,21.0,48,KS
2016,78,Wichita,20.0,4.0,14.0,5.0,2.0,8.0,8.0,5.0,6.0,64,KS
2017,81,Wichita,20.0,4.0,13.0,5.0,2.0,7.0,7.0,5.0,5.0,78,KS
2018,74,Wichita,20.0,5.0,14.0,8.0,1.0,12.0,14.0,11.0,16.0,81,KS
2019,77,Wichita,50.0,10.0,32.5,22.5,2.5,25.0,35.0,28.0,41.3,74,KS
2020,80,Wichita,50.0,11.0,29.0,33.0,1.0,34.0,28.0,24.0,34.0,77,KS
2016,93,Winston-Salem,19.0,4.0,5.0,4.0,3.0,4.0,7.0,18.0,8.0,93,NC
2017,93,Winston-Salem,19.0,4.0,5.0,3.0,3.0,3.0,6.0,18.0,8.0,93,NC
2018,92,Winston-Salem,18.0,4.0,4.0,7.0,3.0,4.0,12.0,36.0,18.0,93,NC
2019,86,Winston-Salem,45.0,10.0,7.5,25.0,7.5,27.5,27.5,90.0,52.5,92,NC
2020,82,Winston-Salem,43.0,11.0,4.0,41.0,5.0,44.0,22.0,93.0,54.7,86,NC
