year,rank,city,med_park_size_data,med_park_size_points,park_pct_city_data,park_pct_city_points,pct_near_park_data,pct_near_park_points,spend_per_resident_data,spend_per_resident_points,basketball_data,basketball_points,dogpark_data,dogpark_points,playground_data,playground_points,rec_sr_data,rec_sr_points,restroom_data,restroom_points,splashground_data,splashground_points,amenities_points,total_points,total_pct,city_dup,park_benches
2020,1,Minneapolis,5.7,26.0,15%,38.0,98%,98.0,$319,100.0,3.5,47.0,1.7,65.0,4.1,73.0,2.3,100.0,2.9,91.0,4.0,100.0,79.3,341.0,85.3,Minneapolis,
2020,2,"Washington, D.C.",1.4,5.0,24%,50.0,98%,98.0,$307,100.0,6.3,100.0,2.0,81.0,1.9,21.0,2.2,100.0,2.6,80.0,4.1,100.0,80.3,333.0,83.3,"Washington, D.C.",
2020,3,St. Paul,3.2,14.0,15%,39.0,99%,99.0,$219,100.0,7.7,100.0,1.3,49.0,4.0,72.0,1.7,100.0,3.2,100.0,1.3,47.0,78.0,330.0,82.5,St. Paul,
2020,4,"Arlington, Virginia",2.4,10.0,11%,28.0,99%,99.0,$301,100.0,7.9,100.0,3.5,100.0,4.4,80.0,1.1,76.0,3.1,97.0,2.2,81.0,89.0,326.0,81.5,"Arlington, Virginia",
2020,5,Cincinnati,4.4,20.0,14%,36.0,82%,74.0,$190,100.0,8.7,100.0,1.6,63.0,4.9,94.0,1.5,100.0,3.2,98.0,4.5,100.0,92.5,323.0,80.6,Cincinnati,
2020,6,Portland,4.9,22.0,18%,47.0,90%,85.0,$250,100.0,3.4,45.0,5.8,100.0,2.1,28.0,0.6,38.0,6.1,100.0,2.1,79.0,65.0,319.0,79.8,Portland,
2020,7,Irvine,6.1,28.0,27%,50.0,82%,73.0,$215,100.0,17.4,100.0,0.4,4.0,4.3,77.0,1.7,100.0,3.2,98.0,0.7,25.0,67.3,318.0,79.6,Irvine,
2020,8,San Francisco,1.3,4.0,21%,50.0,100%,100.0,$399,100.0,4.2,61.0,4.1,100.0,2.9,46.0,0.8,52.0,2.4,75.0,1.0,36.0,61.7,316.0,78.9,San Francisco,
2020,9,Boston,1.4,4.0,17%,45.0,100%,100.0,$162,92.0,3.8,53.0,1.9,76.0,4.0,70.0,0.9,63.0,1.0,29.0,10.3,100.0,65.2,306.0,76.5,Boston,
2020,10,Chicago,2.2,9.0,10%,24.0,98%,98.0,$179,100.0,4.7,70.0,1.0,35.0,3.6,61.0,1.8,100.0,2.4,73.0,8.8,100.0,73.2,304.0,76.0,Chicago,
2020,11,New York,1.1,3.0,21%,50.0,99%,99.0,$232,100.0,4.1,58.0,1.7,66.0,2.1,27.0,0.1,1.0,0.8,23.0,6.9,100.0,45.8,298.0,74.5,New York,
2020,12,Madison,4.7,21.0,14%,36.0,95%,93.0,$134,74.0,10.5,100.0,3.0,100.0,7.0,100.0,0.1,1.0,2.7,85.0,1.1,41.0,71.2,295.0,73.8,Madison,
2020,13,St. Louis,2.3,9.0,10%,23.0,98%,97.0,$199,100.0,2.8,34.0,1.9,78.0,2.9,45.0,0.6,41.0,2.4,73.0,2.6,97.0,61.3,290.0,72.6,St. Louis,
2020,14,Seattle,2.4,10.0,13%,32.0,96%,95.0,$320,100.0,3.3,43.0,1.9,78.0,2.1,26.0,0.7,47.0,2.4,73.0,1.2,45.0,52.0,289.0,72.3,Seattle,
2020,15,Pittsburgh,2.2,9.0,10%,26.0,92%,88.0,$142,79.0,6.1,95.0,2.3,94.0,3.9,68.0,1.7,100.0,0.6,14.0,9.1,100.0,78.5,281.0,70.1,Pittsburgh,
2020,15,Philadelphia,3.0,12.0,13%,33.0,95%,93.0,$138,77.0,4.9,73.0,0.5,10.0,2.8,43.0,2.3,100.0,2.2,66.0,5.8,100.0,65.3,280.0,70.1,Philadelphia,
2020,17,Plano,13.5,50.0,10%,25.0,75%,63.0,$226,100.0,7.1,100.0,1.0,34.0,2.3,32.0,0.3,19.0,1.5,45.0,0.7,22.0,42.0,280.0,70.0,Plano,
2020,18,San Diego,6.8,32.0,19%,50.0,81%,71.0,$153,86.0,2.8,35.0,1.2,44.0,2.4,33.0,1.0,65.0,1.5,44.0,0.1,2.0,37.2,276.0,69.0,San Diego,
2020,19,St. Petersburg,3.5,15.0,16%,40.0,75%,63.0,$148,83.0,4.1,58.0,2.3,94.0,3.4,58.0,1.2,82.0,4.7,100.0,1.1,40.0,72.0,273.0,68.3,St. Petersburg,
2020,20,New Orleans,2.0,8.0,26%,50.0,80%,70.0,$165,94.0,3.3,44.0,0.8,23.0,4.8,91.0,0.7,47.0,2.6,81.0,0.3,6.0,48.7,271.0,67.7,New Orleans,
2020,21,Boise,7.3,34.0,9%,23.0,69%,53.0,$172,98.0,2.2,23.0,6.0,100.0,3.4,56.0,1.0,66.0,2.8,87.0,0.9,31.0,60.5,269.0,67.1,Boise,
2020,22,Denver,6.7,31.0,8%,20.0,91%,86.0,$130,72.0,4.8,71.0,1.8,71.0,3.6,61.0,0.8,54.0,1.2,35.0,1.6,60.0,58.7,268.0,66.9,Denver,
2020,23,Long Beach,3.2,14.0,10%,25.0,84%,76.0,$180,100.0,1.6,13.0,2.1,85.0,1.4,10.0,1.3,88.0,3.7,100.0,0.2,4.0,50.0,265.0,66.3,Long Beach,
2020,24,Aurora,8.0,37.0,11%,27.0,88%,82.0,$149,84.0,1.6,13.0,1.1,37.0,2.2,28.0,0.2,11.0,1.7,51.0,1.3,48.0,31.3,261.0,65.3,Aurora,
2020,25,Lincoln,6.4,30.0,7%,16.0,92%,88.0,$108,58.0,8.7,100.0,1.4,52.0,4.6,85.0,0.6,39.0,4.0,100.0,0.7,23.0,66.5,259.0,64.6,Lincoln,
2020,26,Virginia Beach,5.2,24.0,18%,46.0,68%,51.0,$185,100.0,3.3,44.0,0.7,18.0,4.1,74.0,0.3,17.0,2.1,65.0,0.2,5.0,37.2,258.0,64.5,Virginia Beach,
2020,27,Henderson,5.8,26.0,13%,34.0,60%,38.0,$141,78.0,8.2,100.0,5.2,100.0,2.9,45.0,0.5,32.0,4.7,100.0,5.5,100.0,79.5,256.0,63.9,Henderson,
2020,28,Milwaukee,4.6,21.0,9%,23.0,90%,86.0,$112,61.0,5.7,89.0,0.5,11.0,3.9,68.0,0.9,61.0,5.0,100.0,1.5,56.0,64.2,255.0,63.8,Milwaukee,
2020,29,Cleveland,3.9,17.0,7%,15.0,83%,75.0,$137,76.0,6.1,96.0,0.8,24.0,3.7,64.0,1.2,79.0,1.0,29.0,10.6,100.0,65.3,248.0,62.1,Cleveland,
2020,30,Sacramento,5.4,25.0,9%,21.0,83%,75.0,$122,67.0,1.6,12.0,3.0,100.0,4.2,75.0,0.6,41.0,1.1,33.0,4.5,100.0,60.2,248.0,62.0,Sacramento,
2020,31,Raleigh,6.7,31.0,13%,33.0,58%,36.0,$157,88.0,5.2,80.0,1.3,47.0,2.2,29.0,1.6,100.0,2.1,63.0,1.1,38.0,59.5,248.0,61.9,Raleigh,
2020,32,Kansas City,11.7,50.0,9%,22.0,70%,54.0,$132,73.0,2.7,32.0,0.8,24.0,4.4,81.0,0.4,25.0,0.8,23.0,3.0,100.0,47.5,247.0,61.6,Kansas City,
2020,33,Fremont,6.4,30.0,49%,50.0,70%,54.0,$114,62.0,2.1,21.0,2.2,89.0,2.2,29.0,0.5,32.0,4.2,100.0,0.4,13.0,47.3,243.0,60.8,Fremont,
2020,34,Des Moines,11.2,50.0,13%,32.0,70%,55.0,$94,50.0,2.7,33.0,1.3,49.0,2.6,38.0,0.8,52.0,2.1,62.0,7.4,100.0,55.7,243.0,60.7,Des Moines,
2020,35,Albuquerque,4.3,19.0,23%,50.0,87%,81.0,$62,30.0,2.4,27.0,2.4,100.0,3.2,52.0,1.3,91.0,1.5,44.0,1.4,51.0,60.8,241.0,60.2,Albuquerque,
2020,36,San Jose,3.0,13.0,15%,40.0,82%,74.0,$108,58.0,1.8,15.0,1.3,46.0,3.1,50.0,1.0,65.0,1.1,32.0,2.0,75.0,47.2,232.0,58.0,San Jose,
2020,37,Austin,8.2,39.0,10%,25.0,60%,39.0,$147,82.0,2.5,28.0,1.3,50.0,1.6,14.0,0.6,35.0,1.2,34.0,2.7,100.0,43.5,229.0,57.1,Austin,
2020,38,Omaha,6.7,31.0,13%,33.0,81%,72.0,$79,40.0,5.1,77.0,0.4,6.0,4.1,73.0,0.6,40.0,1.2,35.0,1.7,61.0,48.7,225.0,56.2,Omaha,
2020,39,Anchorage,4.7,21.0,84%,50.0,75%,62.0,$93,49.0,1.7,14.0,3.0,100.0,2.9,46.0,0.3,19.0,1.6,48.0,0.0,0.0,37.8,220.0,55.0,Anchorage,
2020,40,Atlanta,2.9,12.0,6%,14.0,72%,58.0,$151,85.0,2.6,30.0,1.0,34.0,2.8,42.0,1.5,100.0,0.4,10.0,2.2,82.0,49.7,219.0,54.7,Atlanta,
2020,41,Honolulu,6.1,28.0,15%,39.0,79%,69.0,$77,39.0,3.7,52.0,0.5,10.0,1.6,14.0,1.6,100.0,2.1,65.0,0.0,0.0,40.2,215.0,53.8,Honolulu,
2020,42,Las Vegas,1.1,3.0,20%,50.0,75%,62.0,$84,43.0,1.2,5.0,3.8,100.0,3.1,51.0,0.7,46.0,1.2,34.0,5.2,100.0,56.0,214.0,53.5,Las Vegas,
2020,43,Buffalo,1.1,3.0,8%,18.0,90%,85.0,$86,44.0,6.3,100.0,0.8,23.0,2.3,32.0,0.7,45.0,2.3,72.0,4.2,100.0,62.0,212.0,53.0,Buffalo,
2020,44,Scottsdale,13.5,50.0,27%,50.0,40%,9.0,$109,59.0,1.4,8.0,1.2,43.0,1.5,12.0,0.7,47.0,3.0,92.0,1.6,58.0,43.3,211.0,52.8,Scottsdale,
2020,45,Anaheim,8.3,39.0,15%,37.0,67%,50.0,$115,63.0,1.4,8.0,0.8,26.0,1.6,15.0,0.2,11.0,1.7,50.0,0.6,18.0,21.3,210.0,52.6,Anaheim,
2020,46,Chesapeake,7.2,34.0,26%,50.0,43%,13.0,$100,53.0,12.0,100.0,2.0,82.0,3.6,62.0,1.0,65.0,1.1,32.0,0.4,12.0,58.8,209.0,52.2,Chesapeake,
2020,47,Jersey City,0.6,1.0,18%,47.0,94%,91.0,$32,11.0,2.7,32.0,2.1,88.0,1.2,5.0,0.9,62.0,0.5,13.0,3.9,100.0,50.0,200.0,50.0,Jersey City,
2020,48,Norfolk,1.6,6.0,5%,11.0,75%,63.0,$84,43.0,16.2,100.0,5.2,100.0,6.6,100.0,1.9,100.0,0.6,17.0,1.2,43.0,76.7,200.0,49.9,Norfolk,
2020,49,Columbus,7.7,36.0,8%,20.0,68%,51.0,$94,49.0,6.8,100.0,0.7,19.0,2.9,45.0,0.7,44.0,1.0,29.0,0.7,23.0,43.3,199.0,49.8,Columbus,
2020,49,Los Angeles,4.8,22.0,13%,32.0,62%,42.0,$132,73.0,3.5,47.0,0.3,2.0,1.1,4.0,1.1,77.0,1.3,40.0,0.4,12.0,30.3,199.0,49.8,Los Angeles,
2020,51,Oakland,2.1,8.0,12%,29.0,89%,83.0,$65,31.0,2.6,31.0,3.8,100.0,1.8,18.0,1.2,78.0,1.3,40.0,0.0,0.0,44.5,196.0,48.9,Oakland,
2020,52,Orlando,3.4,15.0,6%,14.0,64%,45.0,$119,65.0,5.0,75.0,1.0,35.0,2.0,24.0,1.4,98.0,4.2,100.0,0.0,0.0,55.3,194.0,48.6,Orlando,
2020,53,Colorado Springs,6.3,29.0,9%,23.0,74%,61.0,$80,41.0,2.8,35.0,1.7,66.0,3.0,47.0,0.3,16.0,1.3,39.0,0.8,29.0,38.7,193.0,48.2,Colorado Springs,
2020,54,Dallas,7.7,36.0,9%,23.0,71%,56.0,$108,58.0,2.4,26.0,0.3,1.0,1.7,17.0,0.6,40.0,0.1,1.0,0.8,27.0,18.7,192.0,47.9,Dallas,
2020,55,Tulsa,9.8,47.0,7%,16.0,60%,39.0,$93,49.0,1.7,13.0,0.5,10.0,2.4,33.0,0.4,23.0,1.3,37.0,8.3,100.0,36.0,187.0,46.8,Tulsa,
2020,56,Tampa,4.5,20.0,8%,17.0,63%,43.0,$48,21.0,5.9,92.0,3.9,100.0,2.3,32.0,1.8,100.0,2.8,85.0,2.6,97.0,84.3,185.0,46.3,Tampa,
2020,56,Phoenix,14.6,50.0,15%,38.0,49%,22.0,$89,47.0,1.8,16.0,0.7,22.0,1.7,17.0,0.4,23.0,2.4,72.0,0.6,18.0,28.0,185.0,46.3,Phoenix,
2020,58,Baltimore,0.8,2.0,10%,23.0,87%,81.0,$73,37.0,2.6,30.0,0.5,10.0,3.3,54.0,1.5,100.0,0.6,16.0,1.0,35.0,40.8,184.0,46.0,Baltimore,
2020,59,"Arlington, Texas",12.6,50.0,8%,18.0,58%,36.0,$102,55.0,1.7,14.0,0.5,11.0,1.5,14.0,0.3,17.0,1.2,36.0,1.3,46.0,23.0,182.0,45.5,"Arlington, Texas",
2020,60,North Las Vegas,7.1,33.0,26%,50.0,64%,45.0,$52,24.0,1.9,18.0,0.8,25.0,1.8,20.0,0.2,7.0,1.0,28.0,1.6,59.0,26.2,178.0,44.5,North Las Vegas,
2020,60,Riverside,10.5,50.0,7%,16.0,51%,26.0,$78,39.0,3.0,38.0,0.6,16.0,1.5,11.0,1.1,76.0,2.4,72.0,1.9,68.0,46.8,178.0,44.5,Riverside,
2020,62,Lexington,11.1,50.0,2%,3.0,54%,29.0,$79,40.0,3.9,56.0,1.8,74.0,3.1,49.0,0.5,30.0,2.4,73.0,1.2,44.0,54.3,176.0,44.1,Lexington,
2020,63,Bakersfield,9.1,43.0,6%,13.0,46%,18.0,$86,45.0,2.1,21.0,2.1,84.0,3.0,48.0,0.3,14.0,2.3,69.0,3.4,100.0,56.0,175.0,43.8,Bakersfield,
2020,64,Miami,2.6,11.0,7%,15.0,87%,81.0,$48,21.0,3.1,40.0,0.9,28.0,1.3,8.0,1.6,100.0,3.8,100.0,0.0,0.0,46.0,174.0,43.5,Miami,
2020,65,Chandler,8.4,39.0,4%,7.0,62%,43.0,$76,38.0,3.1,41.0,1.4,55.0,3.4,57.0,0.5,31.0,1.8,54.0,1.1,38.0,46.0,173.0,43.3,Chandler,
2020,66,El Paso,2.8,12.0,19%,50.0,59%,38.0,$56,26.0,4.4,65.0,0.7,21.0,4.1,73.0,0.8,53.0,0.6,17.0,1.3,46.0,45.8,172.0,43.0,El Paso,
2020,66,Greensboro,5.0,23.0,10%,25.0,63%,44.0,$67,33.0,1.5,11.0,1.0,35.0,3.6,62.0,0.8,54.0,2.7,83.0,1.0,36.0,46.8,172.0,43.0,Greensboro,
2020,68,Reno,5.0,23.0,5%,12.0,76%,63.0,$52,23.0,3.6,50.0,1.2,41.0,2.0,25.0,0.3,17.0,2.1,64.0,2.7,100.0,49.5,171.0,42.6,Reno,
2020,69,Newark,0.9,2.0,6%,13.0,94%,91.0,$53,24.0,2.6,31.0,0.4,3.0,1.0,1.0,0.8,56.0,1.1,32.0,3.5,100.0,37.2,167.0,41.8,Newark,
2020,70,Chula Vista,6.9,32.0,8%,18.0,67%,50.0,$43,18.0,2.0,19.0,2.6,100.0,3.5,60.0,0.7,42.0,1.5,45.0,0.7,25.0,48.5,167.0,41.6,Chula Vista,
2020,70,Nashville,16.7,50.0,11%,26.0,43%,13.0,$83,42.0,3.8,54.0,1.2,41.0,2.1,28.0,0.8,51.0,0.9,25.0,0.4,13.0,35.3,166.0,41.6,Nashville,
2020,72,Durham,8.3,39.0,4%,7.0,51%,26.0,$76,38.0,4.2,60.0,1.5,55.0,2.0,25.0,0.7,47.0,3.0,94.0,1.5,53.0,55.7,166.0,41.4,Durham,
2020,73,Detroit,2.4,9.0,6%,13.0,80%,70.0,$80,41.0,2.6,31.0,0.9,30.0,2.7,40.0,0.5,32.0,0.5,12.0,1.2,43.0,31.3,164.0,41.1,Detroit,
2020,74,Glendale,4.8,21.0,6%,12.0,75%,62.0,$43,18.0,4.9,73.0,1.2,44.0,3.9,69.0,0.6,41.0,0.7,19.0,1.6,59.0,50.8,164.0,41.0,Glendale,
2020,75,San Antonio,10.0,47.0,11%,28.0,43%,13.0,$89,46.0,1.7,13.0,1.0,32.0,1.8,20.0,0.8,51.0,1.5,45.0,0.5,15.0,29.3,163.0,40.8,San Antonio,
2020,76,Corpus Christi,3.3,14.0,9%,20.0,75%,63.0,$58,27.0,2.7,32.0,0.6,15.0,4.3,78.0,0.7,47.0,1.4,41.0,0.6,20.0,38.8,163.0,40.7,Corpus Christi,
2020,77,Toledo,5.5,25.0,6%,14.0,81%,72.0,$40,16.0,3.2,41.0,0.7,21.0,3.9,69.0,0.4,26.0,0.6,18.0,0.7,24.0,33.2,160.0,40.0,Toledo,
2020,78,Houston,4.7,21.0,12%,29.0,61%,40.0,$82,42.0,2.6,30.0,0.7,18.0,1.9,21.0,0.6,40.0,0.7,19.0,1.1,38.0,27.7,160.0,39.9,Houston,
2020,79,Jacksonville,5.8,27.0,14%,37.0,35%,1.0,$66,32.0,2.4,26.0,0.5,12.0,3.5,60.0,1.3,90.0,6.0,100.0,2.2,80.0,61.3,158.0,39.6,Jacksonville,
2020,80,Wichita,11.3,50.0,5%,11.0,54%,29.0,$67,33.0,1.0,1.0,1.0,34.0,2.2,28.0,0.4,24.0,2.0,62.0,1.5,55.0,34.0,157.0,39.3,Wichita,
2020,81,Louisville,7.5,35.0,8%,19.0,38%,6.0,$69,34.0,2.7,33.0,1.3,46.0,3.3,55.0,0.6,36.0,3.6,100.0,6.0,100.0,61.7,156.0,38.9,Louisville,
2020,82,Winston-Salem,9.2,43.0,5%,11.0,37%,4.0,$81,41.0,1.2,5.0,1.2,44.0,1.9,22.0,1.4,93.0,2.1,64.0,4.8,100.0,54.7,154.0,38.4,Winston-Salem,
2020,83,Garland,9.6,46.0,7%,17.0,63%,43.0,$57,26.0,2.2,23.0,0.0,0.0,1.4,10.0,0.6,41.0,1.2,34.0,0.0,0.0,18.0,150.0,37.5,Garland,
2020,84,Tucson,5.5,25.0,3%,5.0,63%,44.0,$53,24.0,4.9,73.0,1.4,55.0,2.7,41.0,0.8,55.0,1.8,54.0,0.7,24.0,50.3,148.0,37.1,Tucson,
2020,85,Santa Ana,6.0,28.0,4%,8.0,75%,63.0,$53,24.0,2.1,22.0,0.0,0.0,1.2,6.0,0.9,63.0,1.6,47.0,0.0,0.0,23.0,146.0,36.5,Santa Ana,
2020,86,Laredo,4.1,18.0,2%,2.0,54%,31.0,$59,28.0,9.4,100.0,1.5,57.0,2.6,38.0,0.8,54.0,1.0,28.0,4.5,100.0,62.8,142.0,35.5,Laredo,
2020,87,Stockton,6.0,28.0,3%,5.0,74%,60.0,$15,1.0,3.4,47.0,1.0,32.0,2.3,31.0,0.4,23.0,2.7,85.0,1.6,58.0,46.0,140.0,35.0,Stockton,
2020,88,Memphis,10.0,48.0,5%,9.0,46%,17.0,$76,38.0,2.9,37.0,0.6,16.0,1.8,20.0,0.9,63.0,0.1,1.0,0.5,14.0,25.2,137.0,34.3,Memphis,
2020,89,Irving,3.2,14.0,5%,11.0,64%,45.0,$72,36.0,1.1,3.0,1.2,44.0,3.0,48.0,0.8,53.0,0.2,5.0,0.8,28.0,30.2,136.0,34.0,Irving,
2020,90,Hialeah,4.4,20.0,2%,1.0,69%,52.0,$33,11.0,5.1,77.0,0.0,0.0,1.0,1.0,1.5,100.0,2.2,67.0,1.3,45.0,48.3,132.0,33.1,Hialeah,
2020,91,Baton Rouge,4.2,19.0,3%,5.0,54%,30.0,$44,19.0,8.0,100.0,0.8,27.0,2.6,39.0,2.9,100.0,1.2,36.0,0.8,29.0,55.2,128.0,32.0,Baton Rouge,
2020,92,Fresno,2.2,9.0,4%,8.0,67%,51.0,$42,17.0,4.6,68.0,1.3,49.0,2.6,38.0,0.6,38.0,0.9,26.0,0.9,33.0,42.0,127.0,31.8,Fresno,
2020,93,Lubbock,9.7,46.0,3%,4.0,56%,33.0,$35,13.0,4.8,71.0,0.8,23.0,2.2,28.0,0.4,22.0,1.3,38.0,0.0,0.0,30.3,126.0,31.6,Lubbock,
2020,94,Fort Worth,7.7,36.0,6%,13.0,61%,40.0,$56,26.0,1.2,5.0,0.3,2.0,2.3,31.0,0.3,17.0,0.2,3.0,0.1,1.0,9.8,125.0,31.2,Fort Worth,
2020,95,Charlotte/Mecklenburg County,16.5,50.0,6%,13.0,37%,3.0,$56,26.0,3.7,51.0,0.6,17.0,2.1,26.0,0.5,28.0,0.6,14.0,0.8,28.0,27.3,119.0,29.8,Charlotte,
2020,96,Mesa,2.8,12.0,4%,8.0,66%,48.0,$65,32.0,2.8,34.0,0.4,5.0,1.3,8.0,0.2,12.0,0.7,18.0,0.6,19.0,16.0,116.0,29.0,Mesa,
2020,97,Oklahoma City,5.0,22.0,5%,10.0,38%,5.0,$57,26.0,1.7,14.0,0.3,1.0,1.6,16.0,0.7,42.0,1.1,31.0,2.4,89.0,32.2,95.0,23.8,Oklahoma City,
2019,1,"Washington, D.C.",1.4,5.0,21%,50.0,98,97.5,$270,100.0,5.9,97.5,1.9,85.0,1.7,25.0,2.3,100.0,2.9,88.0,3.9,100.0,82.5,,83.8,"Washington, D.C.",
2019,2,St. Paul,3.2,15.0,15%,40.0,98%,97.5,$220,100.0,7.7,100.0,1.3,55.0,4.0,77.5,1.7,100.0,3.2,100.0,1.3,50.0,80.4,,83.2,St. Paul,
2019,3,Minneapolis,5.7,27.5,15%,37.5,96%,95.0,$299,100.0,3.5,52.5,1.7,75.0,4.1,77.5,2.3,100.0,3.0,90.0,0.2,8.0,67.1,,81.8,Minneapolis,
2019,4,"Arlington, Virginia",2.4,10.0,11%,27.5,98%,97.5,$267,100.0,7.8,100.0,3.5,100.0,4.4,87.5,1.1,73.0,3.1,95.0,2.2,85.0,90.0,,81.3,"Arlington, Virginia",
2019,5,Portland,4.9,22.5,18%,47.5,89%,85.0,$224,100.0,3.8,57.5,5.4,100.0,2.1,32.5,0.6,38.0,2.0,60.0,2.5,95.0,63.8,,79.7,Portland,
2019,6,Irvine,6.1,30.0,27%,50.0,80%,72.5,$252,100.0,17.7,100.0,0.4,5.0,4.0,77.5,1.8,100.0,3.0,90.0,0.4,13.0,64.2,,79.2,Irvine,
2019,7,San Francisco,1.3,5.0,20%,50.0,100%,100.0,$318,100.0,4.1,65.0,4.2,100.0,2.6,42.5,0.8,50.0,2.6,78.0,0.8,30.0,60.8,,79.0,San Francisco,
2019,8,Cincinnati,4.4,20.0,14%,35.0,77%,67.5,$193,100.0,8.9,100.0,1.3,52.5,5.0,100.0,1.5,98.0,3.1,95.0,4.5,100.0,90.8,,78.3,Cincinnati,
2019,9,New York,1.1,5.0,22%,50.0,99%,100.0,$198,100.0,4.0,62.5,1.7,75.0,2.1,32.5,0.1,3.0,0.8,23.0,6.8,100.0,49.2,,76.0,New York,
2019,10,Chicago,2.2,10.0,10%,25.0,98%,97.5,$171,95.0,4.6,72.5,0.9,35.0,3.6,67.5,1.7,100.0,2.4,70.0,8.7,100.0,74.2,,75.4,Chicago,
2019,11,Seattle,2.4,10.0,13%,32.5,96%,95.0,$279,100.0,3.3,47.5,2.0,90.0,2.1,32.5,0.8,48.0,2.4,73.0,1.3,48.0,56.3,,73.4,Seattle,
2019,12,Madison,4.7,22.5,14%,35.0,94%,92.5,$130,70.0,10.6,100.0,3.9,100.0,7.0,100.0,0.1,3.0,2.7,83.0,1.2,43.0,71.3,,72.8,Madison,
2019,13,Boston,1.4,5.0,17%,45.0,100%,100.0,$131,70.0,3.3,47.5,1.8,80.0,3.9,75.0,0.9,60.0,1.0,30.0,10.5,100.0,65.4,,71.4,Boston,
2019,14,St. Louis,2.3,10.0,9%,22.5,95%,95.0,$261,100.0,2.7,37.5,1.6,70.0,2.7,47.5,0.6,40.0,2.2,68.0,1.9,73.0,55.8,,70.8,St. Louis,
2019,15,Plano,13.5,50.0,10%,22.5,75%,65.0,$211,100.0,7.3,100.0,0.3,2.5,4.6,90.0,0.3,20.0,1.5,45.0,0.3,10.0,44.6,,70.5,Plano,
2019,16,San Diego,6.8,32.5,19%,50.0,79%,70.0,$154,85.0,2.8,37.5,1.1,45.0,2.2,35.0,1.0,60.0,1.5,43.0,0.1,3.0,37.1,,68.6,San Diego,
2019,17,St. Petersburg,3.5,15.0,16%,40.0,75%,65.0,$140,77.5,4.1,62.5,2.3,100.0,3.5,65.0,1.2,80.0,4.8,100.0,1.2,43.0,75.0,,68.1,St. Petersburg,
2019,19,Long Beach,3.2,15.0,10%,25.0,83%,77.5,$205,100.0,1.6,15.0,2.1,97.5,1.4,17.5,1.1,73.0,3.7,100.0,0.0,0.0,50.4,,67.0,Long Beach,
2019,18,Philadelphia,3.0,12.5,13%,35.0,95%,95.0,$123,65.0,4.8,77.5,0.4,7.5,1.6,22.5,2.0,100.0,1.6,48.0,5.0,100.0,59.2,,66.7,Philadelphia,
2019,21,New Orleans,2.0,7.5,26%,50.0,80%,72.5,$177,100.0,1.6,15.0,0.8,25.0,2.5,42.5,0.7,45.0,2.6,78.0,0.3,8.0,35.4,,66.4,New Orleans,
2019,20,Boise,7.3,35.0,9%,22.5,69%,55.0,$162,90.0,2.2,27.5,5.7,100.0,3.4,62.5,1.0,63.0,2.9,88.0,0.9,33.0,62.1,,66.1,Boise,
2019,22,Pittsburgh,2.2,10.0,10%,25.0,91%,87.5,$117,62.5,4.7,75.0,2.3,100.0,3.8,72.5,1.7,100.0,0.6,15.0,8.7,100.0,77.1,,65.5,Pittsburgh,
2019,23,Aurora,8.0,37.5,11%,25.0,88%,82.5,$145,80.0,1.6,15.0,1.1,42.5,2.2,35.0,0.2,10.0,1.7,50.0,1.3,50.0,33.8,,64.7,Aurora,
2019,24,Milwaukee,4.6,22.5,9%,22.5,90%,87.5,$124,65.0,5.7,95.0,0.5,12.5,2.8,47.5,0.9,58.0,4.5,100.0,1.2,45.0,59.6,,64.3,Milwaukee,
2019,25,Lincoln,6.4,30.0,7%,17.5,91%,87.5,$101,52.5,8.8,100.0,1.4,60.0,4.6,90.0,0.6,38.0,4.0,100.0,0.7,25.0,68.8,,64.1,Lincoln,
2019,26,Henderson,8.0,40.0,13%,35.0,52%,30.0,$136,75.0,3.7,57.5,5.0,100.0,2.9,52.5,0.5,33.0,5.0,100.0,5.7,100.0,73.8,,63.4,Henderson,
2019,27,Sacramento,5.4,25.0,7%,15.0,82%,75.0,$125,67.5,3.2,47.5,2.4,100.0,4.1,80.0,0.7,43.0,1.5,43.0,5.2,100.0,68.8,,62.8,Sacramento,
2019,30,Raleigh,4.4,20.0,11%,27.5,57%,37.5,$194,100.0,5.2,85.0,1.1,42.5,2.2,35.0,1.6,100.0,2.1,63.0,0.9,30.0,59.2,,61.0,Raleigh,
2019,28,Denver,6.7,32.5,8%,20.0,90%,87.5,$115,60.0,1.4,12.5,1.8,82.5,3.5,65.0,0.8,50.0,0.8,23.0,0.8,30.0,43.8,,60.9,Denver,
2019,29,Virginia Beach,3.9,17.5,16%,40.0,64%,47.5,$188,100.0,3.3,47.5,0.6,20.0,4.1,77.5,0.3,18.0,2.1,65.0,0.2,5.0,38.8,,60.9,Virginia Beach,
2019,33,Fremont,6.4,30.0,49%,50.0,68%,55.0,$112,57.5,2.1,25.0,2.6,100.0,2.0,30.0,0.5,30.0,2.3,70.0,0.4,15.0,45.0,,59.4,Fremont,
2019,32,Kansas City,11.7,50.0,9%,22.5,69%,55.0,$127,67.5,2.7,35.0,0.8,27.5,2.5,42.5,0.4,23.0,0.8,23.0,3.0,100.0,41.7,,59.2,Kansas City,
2019,31,San Jose,4.0,17.5,14%,35.0,78%,70.0,$124,67.5,2.2,27.5,1.1,40.0,3.0,55.0,1.0,60.0,0.7,20.0,1.8,70.0,45.4,,58.9,San Jose,
2019,34,Albuquerque,4.3,20.0,23%,50.0,87%,82.5,$65,27.5,2.2,25.0,2.4,100.0,3.2,57.5,1.0,68.0,1.2,38.0,0.7,25.0,52.1,,58.0,Albuquerque,
2019,38,Cleveland,3.9,17.5,7%,15.0,82%,75.0,$111,57.5,6.0,100.0,0.8,27.5,3.6,67.5,1.2,75.0,1.1,30.0,10.5,100.0,66.7,,57.9,Cleveland,
2019,35,Omaha,7.4,35.0,13%,32.5,80%,72.5,$81,37.5,5.2,85.0,0.4,7.5,4.3,85.0,0.7,40.0,1.2,38.0,1.6,60.0,52.5,,57.5,Omaha,
2019,36,Las Vegas,1.1,5.0,19%,50.0,74%,62.5,$99,50.0,1.3,10.0,3.9,100.0,3.9,75.0,0.7,45.0,1.2,35.0,4.1,100.0,60.8,,57.1,Las Vegas,
2019,37,Anchorage,4.7,22.5,84%,50.0,75%,65.0,$99,50.0,1.7,17.5,2.3,100.0,2.9,52.5,0.3,18.0,1.5,45.0,0.0,0.0,38.8,,56.6,Anchorage,
2019,39,Des Moines,11.2,50.0,12%,32.5,69%,55.0,$76,35.0,2.7,37.5,1.3,55.0,2.6,45.0,0.2,8.0,2.0,60.0,6.6,100.0,50.8,,55.8,Des Moines,
2019,40,Oakland,2.1,10.0,12%,30.0,87%,82.5,$103,52.5,2.6,35.0,3.8,100.0,1.7,25.0,1.1,73.0,1.3,40.0,0.0,0.0,45.4,,55.1,Oakland,
2019,41,Scottsdale,13.5,50.0,27%,50.0,40%,12.5,$111,57.5,1.4,12.5,1.2,50.0,1.5,20.0,0.7,45.0,3.0,93.0,1.2,45.0,44.2,,53.5,Scottsdale,
2019,41,Atlanta,2.9,12.5,6%,15.0,71%,57.5,$138,75.0,2.7,35.0,0.8,30.0,2.9,52.5,1.5,95.0,0.4,13.0,2.3,88.0,52.1,,53.0,Atlanta,
2019,43,Austin,8.7,42.5,10%,25.0,59%,40.0,$119,62.5,2.5,32.5,1.3,57.5,1.5,20.0,0.6,35.0,1.2,35.0,1.8,68.0,41.3,,52.8,Austin,
2019,44,Norfolk,1.6,7.5,5%,12.5,75%,65.0,$78,37.5,28.2,100.0,4.8,100.0,6.6,100.0,2.0,100.0,0.6,18.0,2.0,78.0,82.5,,51.3,Norfolk,
2019,45,Tampa,4.5,22.5,8%,17.5,62%,45.0,$71,32.5,6.0,100.0,4.0,100.0,2.3,40.0,1.8,100.0,2.8,85.0,2.6,100.0,87.5,,51.3,Tampa,
2019,46,Chesapeake,7.2,35.0,26%,50.0,42%,15.0,$91,45.0,3.7,55.0,2.0,92.5,4.9,97.5,1.0,63.0,1.1,33.0,0.0,0.0,56.7,,50.4,Chesapeake,
2019,47,Orlando,3.4,15.0,6%,15.0,63%,47.5,$121,65.0,5.0,80.0,1.0,40.0,2.0,32.5,1.5,95.0,4.2,100.0,0.0,0.0,57.9,,50.1,Orlando,
2019,48,Buffalo,1.1,5.0,8%,17.5,89%,85.0,$66,30.0,6.3,100.0,0.8,25.0,2.3,40.0,0.7,43.0,2.3,70.0,4.2,100.0,62.9,,50.1,Buffalo,
2019,50,Honolulu,6.1,30.0,17%,45.0,69%,55.0,$63,27.5,3.7,55.0,0.5,10.0,1.5,20.0,1.6,100.0,2.4,73.0,0.0,0.0,42.9,,50.1,Honolulu,
2019,49,Colorado Springs,6.3,30.0,9%,22.5,74%,62.5,$86,42.5,2.9,40.0,1.7,75.0,2.9,50.0,0.3,15.0,1.4,40.0,0.8,30.0,41.7,,49.8,Colorado Springs,
2019,51,Jersey City,0.6,2.5,18%,47.5,93%,90.0,$27,2.5,2.5,32.5,2.5,100.0,1.3,15.0,0.9,60.0,0.9,25.0,3.6,100.0,55.4,,49.5,Jersey City,
2019,52,Columbus,7.7,37.5,9%,22.5,59%,40.0,$101,50.0,6.9,100.0,0.7,20.0,2.9,50.0,0.7,43.0,1.0,30.0,0.7,25.0,44.6,,48.6,Columbus,
2019,53,Dallas,7.7,37.5,9%,22.5,69%,55.0,$110,57.5,2.4,30.0,0.4,5.0,1.7,25.0,0.6,40.0,0.1,3.0,0.8,30.0,22.1,,48.6,Dallas,
2019,54,Miami,2.6,12.5,7%,15.0,86%,80.0,$77,35.0,3.1,45.0,0.9,32.5,1.3,15.0,1.6,100.0,3.8,100.0,0.0,0.0,48.8,,47.8,Miami,
2019,55,Los Angeles,4.8,22.5,13%,32.5,61%,45.0,$119,62.5,3.5,50.0,0.3,2.5,1.1,10.0,1.1,70.0,0.8,20.0,0.4,13.0,27.5,,47.5,Los Angeles,
2019,56,Phoenix,14.6,50.0,15%,40.0,49%,27.5,$87,42.5,0.9,2.5,0.7,25.0,1.6,22.5,0.4,23.0,2.5,75.0,0.6,23.0,28.3,,47.1,Phoenix,
2019,59,Anaheim,8.3,40.0,8%,20.0,66%,52.5,$99,50.0,1.4,10.0,0.6,15.0,1.6,22.5,0.2,10.0,1.8,55.0,0.6,20.0,22.1,,46.1,Anaheim,
2019,60,North Las Vegas,7.1,35.0,26%,50.0,63%,47.5,$53,20.0,1.9,22.5,0.8,27.5,2.3,37.5,0.2,8.0,1.0,28.0,1.6,63.0,30.8,,45.8,North Las Vegas,
2019,57,Nashville,16.7,50.0,11%,27.5,42%,15.0,$98,50.0,3.8,57.5,1.2,47.5,2.1,35.0,0.8,50.0,0.8,23.0,0.4,15.0,37.9,,45.1,Nashville,
2019,57,Tulsa,9.8,47.5,8%,20.0,59%,40.0,$75,35.0,1.8,17.5,0.5,10.0,2.4,40.0,0.3,15.0,1.3,40.0,8.2,100.0,37.1,,44.9,Tulsa,
2019,62,Riverside,10.5,50.0,6%,15.0,51%,30.0,$76,35.0,3.0,42.5,0.6,17.5,1.5,20.0,1.1,73.0,2.4,70.0,1.9,70.0,48.8,,44.7,Riverside,
2019,63,Reno,5.0,25.0,5%,12.5,75%,65.0,$51,20.0,3.7,55.0,1.2,47.5,2.8,50.0,0.3,18.0,2.2,65.0,2.7,100.0,55.8,,44.6,Reno,
2019,64,Bakersfield,9.1,45.0,6%,12.5,46%,22.5,$81,37.5,2.1,25.0,2.1,97.5,3.0,55.0,0.3,13.0,2.2,68.0,3.4,100.0,59.6,,44.3,Bakersfield,
2019,66,Lexington,11.1,50.0,2%,5.0,53%,32.5,$81,37.5,3.3,47.5,1.9,85.0,1.9,27.5,0.5,30.0,2.4,73.0,1.2,48.0,51.7,,44.2,Lexington,
2019,64,Greensboro,5.0,25.0,10%,25.0,63%,47.5,$66,30.0,1.6,15.0,1.0,40.0,3.6,67.5,0.8,53.0,2.7,83.0,1.0,38.0,49.2,,44.2,Greensboro,
2019,61,Baltimore,0.8,2.5,10%,22.5,87%,82.5,$69,30.0,1.6,15.0,0.5,10.0,3.3,60.0,1.4,93.0,0.6,15.0,1.0,35.0,37.9,,43.9,Baltimore,
2019,66,Corpus Christi,3.3,15.0,9%,20.0,75%,65.0,$67,30.0,2.6,35.0,0.6,15.0,4.3,82.5,0.8,48.0,2.4,73.0,0.6,20.0,45.4,,43.9,Corpus Christi,
2019,68,"Arlington, Texas",12.6,50.0,8%,17.5,57%,37.5,$92,45.0,1.7,17.5,0.5,12.5,1.5,20.0,0.3,18.0,1.2,35.0,1.3,48.0,25.0,,43.8,"Arlington, Texas",
2019,69,Chandler,8.4,40.0,4%,7.5,62%,45.0,$77,35.0,3.1,45.0,1.5,62.5,2.2,37.5,0.5,30.0,1.8,55.0,1.1,40.0,45.0,,43.1,Chandler,
2019,70,Glendale,4.8,22.5,6%,12.5,75%,65.0,$36,10.0,4.9,77.5,1.2,50.0,3.9,75.0,0.6,40.0,1.7,50.0,1.6,63.0,59.2,,42.3,Glendale,
2019,71,El Paso,3.9,17.5,19%,50.0,56%,37.5,$43,15.0,4.4,70.0,0.7,22.5,4.1,77.5,0.8,53.0,0.6,18.0,1.3,48.0,47.9,,42.0,El Paso,
2019,73,Durham,8.3,40.0,4%,7.5,51%,30.0,$66,27.5,4.2,65.0,1.5,65.0,2.1,32.5,0.7,45.0,3.1,95.0,1.5,55.0,59.6,,41.1,Durham,
2019,72,San Antonio,11.7,50.0,10%,25.0,42%,15.0,$90,45.0,1.7,15.0,0.9,32.5,1.7,25.0,0.8,50.0,1.5,45.0,0.3,10.0,29.6,,41.1,San Antonio,
2019,74,Chula Vista,6.9,32.5,7%,15.0,67%,52.5,$43,15.0,2.0,22.5,1.8,82.5,3.6,67.5,0.7,40.0,1.5,45.0,0.7,28.0,47.5,,40.6,Chula Vista,
2019,74,Newark,0.9,2.5,6%,12.5,93%,90.0,$48,17.5,2.6,35.0,0.0,0.0,0.9,7.5,0.8,53.0,1.0,30.0,3.5,100.0,37.5,,40.0,Newark,
2019,76,Toledo,5.5,27.5,6%,15.0,81%,72.5,$41,12.5,2.7,37.5,0.7,22.5,3.8,72.5,0.4,25.0,0.6,18.0,0.4,13.0,31.3,,39.7,Toledo,
2019,77,Wichita,11.3,50.0,5%,10.0,53%,32.5,$57,22.5,1.0,2.5,0.7,25.0,2.1,35.0,0.4,28.0,3.9,100.0,1.5,58.0,41.3,,39.1,Wichita,
2019,78,Jacksonville,5.8,27.5,15%,37.5,35%,5.0,$57,22.5,2.4,30.0,0.6,12.5,3.6,67.5,1.3,88.0,6.1,100.0,2.1,80.0,62.9,,38.9,Jacksonville,
2019,81,Tucson,5.5,27.5,3%,5.0,63%,47.5,$57,22.5,5.0,80.0,1.5,65.0,2.7,47.5,0.8,50.0,1.8,55.0,0.6,20.0,52.9,,38.9,Tucson,
2019,79,Garland,9.6,47.5,7%,15.0,62%,45.0,$62,27.5,2.2,27.5,0.0,0.0,1.4,17.5,0.7,40.0,1.2,35.0,0.0,0.0,20.0,,38.8,Garland,
2019,80,Louisville,7.5,37.5,8%,20.0,38%,10.0,$61,25.0,2.7,37.5,1.1,45.0,2.8,47.5,0.6,35.0,3.6,100.0,5.4,100.0,60.8,,38.3,Louisville,
2019,83,Detroit,2.4,10.0,7%,15.0,80%,72.5,$54,20.0,2.6,35.0,0.9,32.5,3.0,55.0,0.5,30.0,0.5,13.0,0.9,33.0,32.9,,37.6,Detroit,
2019,84,Stockton,6.0,30.0,3%,5.0,74%,62.5,$23,2.5,3.5,50.0,1.0,35.0,2.3,37.5,0.4,23.0,2.7,83.0,1.6,60.0,47.9,,37.0,Stockton,
2019,85,Santa Ana,6.0,30.0,4%,10.0,75%,65.0,$47,17.5,2.1,25.0,0.0,0.0,1.2,12.5,0.9,60.0,1.5,45.0,0.0,0.0,23.8,,36.6,Santa Ana,
2019,82,Houston,4.7,22.5,11%,27.5,58%,40.0,$57,22.5,2.2,27.5,0.7,20.0,1.8,25.0,0.6,40.0,0.7,20.0,1.1,40.0,28.8,,35.3,Houston,
2019,86,Winston-Salem,9.2,45.0,5%,10.0,36%,7.5,$62,25.0,1.2,7.5,0.8,27.5,1.8,27.5,1.4,90.0,2.1,63.0,2.8,100.0,52.5,,35.0,Winston-Salem,
2019,88,Memphis,10.0,50.0,5%,10.0,45%,20.0,$66,30.0,2.9,40.0,0.6,17.5,1.8,27.5,0.9,60.0,0.1,3.0,0.3,10.0,26.3,,34.1,Memphis,
2019,87,Irving,3.2,15.0,5%,12.5,62%,45.0,$68,30.0,1.1,7.5,1.2,50.0,3.1,55.0,0.8,53.0,0.2,5.0,0.8,30.0,33.3,,34.0,Irving,
2019,88,Fort Worth,7.7,37.5,6%,12.5,60%,42.5,$67,30.0,1.5,15.0,0.3,2.5,2.3,37.5,0.3,18.0,0.2,3.0,0.1,3.0,12.9,,33.9,Fort Worth,
2019,90,Lubbock,9.7,47.5,3%,5.0,55%,35.0,$39,12.5,4.8,77.5,0.8,25.0,2.2,35.0,0.4,23.0,1.3,38.0,0.0,0.0,32.9,,33.2,Lubbock,
2019,91,Baton Rouge,4.2,20.0,3%,5.0,53%,32.5,$49,17.5,8.1,100.0,0.9,30.0,2.7,45.0,2.9,100.0,1.2,38.0,0.9,30.0,57.1,,33.0,Baton Rouge,
2019,92,Hialeah,4.4,20.0,2%,2.5,68%,55.0,$31,7.5,3.0,42.5,0.0,0.0,0.7,2.5,1.5,100.0,1.0,28.0,1.7,65.0,39.6,,31.1,Hialeah,
2019,93,Fresno,2.2,10.0,3%,5.0,67%,52.5,$37,10.0,4.5,72.5,1.3,55.0,2.6,45.0,0.6,38.0,0.9,25.0,0.9,35.0,45.0,,30.6,Fresno,
2019,94,Laredo,4.1,20.0,2%,2.5,54%,32.5,$65,27.5,9.5,100.0,0.4,5.0,2.1,35.0,1.0,63.0,0.9,25.0,0.0,0.0,37.9,,30.1,Laredo,
2019,96,Mesa,2.8,12.5,3%,7.5,65%,50.0,$68,30.0,2.8,37.5,0.4,5.0,1.3,15.0,0.2,13.0,0.6,18.0,0.6,20.0,17.9,,29.5,Mesa,
2019,95,Charlotte/Mecklenburg County,16.5,50.0,6%,12.5,36%,7.5,$48,17.5,3.7,55.0,0.5,12.5,2.1,32.5,0.5,28.0,0.5,15.0,0.7,25.0,27.9,,28.9,Charlotte,
2019,97,Oklahoma City,5.0,22.5,4%,7.5,38%,10.0,$70,32.5,1.9,20.0,0.4,5.0,2.5,42.5,0.8,48.0,1.2,38.0,2.9,100.0,42.1,,28.6,Oklahoma City,
2018,1,Minneapolis,5.7,11.0,15%,16.0,97%,39.0,$249,40.0,3.4,22.0,1.7,35.0,4.0,33.0,2.4,40.0,6.8,40.0,0.2,2.0,29.0,135.0,84.2,Minneapolis,
2018,2,St. Paul,3.2,6.0,15%,16.0,96%,38.0,$218,40.0,7.8,40.0,1.3,26.0,3.7,30.0,1.7,40.0,10.5,40.0,1.0,15.0,32.0,132.0,82.4,St. Paul,
2018,3,"Washington, D.C.",1.4,2.0,22%,20.0,98%,39.0,$257,40.0,5.4,38.0,1.8,37.0,1.7,10.0,2.3,40.0,2.1,15.0,3.7,40.0,30.0,131.0,81.9,"Washington, D.C.",
2018,4,"Arlington, Virginia",2.4,4.0,11%,11.0,98%,40.0,$240,40.0,5.7,40.0,3.5,40.0,4.3,36.0,1.4,36.0,3.1,25.0,2.2,36.0,36.0,131.0,81.6,"Arlington, Virginia",
2018,5,San Francisco,1.3,2.0,20%,20.0,100%,40.0,$279,40.0,5.4,39.0,3.7,40.0,2.6,19.0,0.8,20.0,1.7,12.0,1.4,22.0,25.0,127.0,79.6,San Francisco,
2018,6,Portland,4.9,9.0,18%,19.0,86%,33.0,$251,40.0,5.4,38.0,5.2,40.0,2.1,14.0,0.6,15.0,2.0,14.0,1.6,25.0,24.0,125.0,78.3,Portland,
2018,7,Cincinnati,4.4,8.0,14%,15.0,71%,25.0,$201,40.0,8.9,40.0,1.3,25.0,5.0,40.0,1.5,38.0,6.2,40.0,4.5,40.0,37.0,125.0,78.2,Cincinnati,
2018,8,Chicago,2.2,4.0,10%,10.0,98%,40.0,$172,39.0,4.6,32.0,0.9,15.0,3.5,28.0,1.8,40.0,2.4,18.0,8.6,40.0,29.0,122.0,76.1,Chicago,
2018,9,New York,1.1,1.0,21%,20.0,97%,39.0,$198,40.0,3.6,23.0,1.6,33.0,2.2,16.0,0.1,2.0,0.8,4.0,9.0,40.0,20.0,120.0,74.8,New York,
2018,10,Irvine,6.6,13.0,26%,20.0,75%,27.0,$255,40.0,2.8,17.0,0.4,3.0,2.7,20.0,1.5,38.0,2.9,22.0,0.4,5.0,18.0,118.0,73.4,Irvine,
2018,11,Seattle,2.4,4.0,12%,13.0,94%,37.0,$276,40.0,3.3,21.0,2.0,40.0,2.2,15.0,0.8,19.0,2.8,21.0,1.3,21.0,23.0,117.0,73.0,Seattle,
2018,12,Madison,4.7,9.0,14%,14.0,90%,35.0,$126,27.0,10.6,40.0,4.0,40.0,7.0,40.0,0.1,1.0,3.2,25.0,1.2,19.0,28.0,113.0,70.3,Madison,
2018,13,Boston,1.4,2.0,17%,19.0,99%,40.0,$118,25.0,3.3,21.0,1.2,23.0,4.0,33.0,0.9,24.0,1.3,8.0,9.2,40.0,25.0,111.0,69.3,Boston,
2018,14,St. Louis,2.3,4.0,10%,10.0,88%,34.0,$265,40.0,2.7,16.0,1.6,33.0,2.6,19.0,0.6,15.0,2.8,22.0,1.9,31.0,23.0,111.0,69.2,St. Louis,
2018,15,St. Petersburg,3.5,6.0,16%,17.0,74%,26.0,$137,30.0,4.1,28.0,2.3,40.0,3.3,26.0,1.2,31.0,4.8,40.0,0.4,5.0,28.0,107.0,67.1,St. Petersburg,
2018,16,San Diego,6.8,13.0,23%,20.0,77%,28.0,$141,31.0,2.8,16.0,1.1,22.0,2.1,15.0,1.0,24.0,1.9,13.0,0.1,1.0,15.0,107.0,67.0,San Diego,
2018,17,Milwaukee,4.6,9.0,10%,11.0,89%,34.0,$131,28.0,5.7,40.0,0.5,6.0,2.7,20.0,0.9,23.0,5.6,40.0,1.2,19.0,25.0,107.0,66.7,Milwaukee,
2018,18,Plano,13.5,20.0,9%,10.0,75%,26.0,$197,40.0,3.0,18.0,0.3,2.0,2.4,18.0,0.3,8.0,1.4,8.0,0.3,4.0,10.0,106.0,66.0,Plano,
2018,19,Henderson,8.0,16.0,13%,14.0,49%,12.0,$144,32.0,3.9,25.0,5.2,40.0,3.0,23.0,0.6,13.0,5.1,40.0,5.9,40.0,30.0,104.0,65.1,Henderson,
2018,20,Aurora,8.0,16.0,11%,11.0,86%,33.0,$143,31.0,1.4,5.0,0.8,14.0,2.2,15.0,0.2,5.0,2.3,17.0,1.1,17.0,12.0,103.0,64.5,Aurora,
2018,21,Long Beach,3.2,6.0,10%,10.0,81%,30.0,$208,40.0,1.6,6.0,2.1,40.0,1.4,7.0,1.1,28.0,2.5,18.0,0.0,0.0,17.0,103.0,64.1,Long Beach,
2018,22,Sacramento,5.4,10.0,8%,8.0,78%,29.0,$130,28.0,2.6,15.0,2.2,40.0,4.1,34.0,1.0,24.0,1.7,11.0,4.0,40.0,27.0,102.0,64.0,Sacramento,
2018,23,Pittsburgh,2.2,4.0,10%,11.0,84%,32.0,$100,20.0,3.6,24.0,2.3,40.0,3.8,31.0,1.7,40.0,4.3,35.0,8.4,40.0,35.0,102.0,63.8,Pittsburgh,
2018,24,Lincoln,7.0,14.0,7%,7.0,85%,33.0,$96,19.0,8.7,40.0,1.4,28.0,4.6,39.0,0.6,15.0,4.6,38.0,0.7,10.0,28.0,101.0,63.3,Lincoln,
2018,24,New Orleans,2.0,3.0,26%,20.0,77%,28.0,$162,36.0,1.7,7.0,0.8,13.0,2.6,19.0,0.7,18.0,3.2,26.0,0.3,3.0,14.0,101.0,63.3,New Orleans,
2018,26,Denver,6.7,13.0,8%,8.0,86%,33.0,$121,26.0,1.5,6.0,1.4,29.0,3.6,29.0,0.8,19.0,2.4,18.0,0.9,13.0,19.0,99.0,61.9,Denver,
2018,27,San Jose,4.0,7.0,14%,15.0,77%,28.0,$142,31.0,2.0,10.0,1.0,17.0,2.7,21.0,1.0,24.0,0.7,3.0,1.8,30.0,18.0,99.0,61.6,San Jose,
2018,28,Virginia Beach,3.9,7.0,16%,17.0,61%,19.0,$188,40.0,3.3,21.0,0.6,10.0,4.1,34.0,0.3,7.0,2.4,18.0,0.2,2.0,15.0,98.0,61.5,Virginia Beach,
2018,29,Boise,7.3,14.0,9%,9.0,60%,18.0,$144,32.0,2.0,10.0,6.7,40.0,3.4,27.0,1.0,25.0,3.5,28.0,0.9,14.0,24.0,97.0,60.6,Boise,
2018,30,Philadelphia,3.3,6.0,13%,14.0,93%,37.0,$84,16.0,4.8,33.0,0.4,5.0,1.6,9.0,2.1,40.0,1.7,11.0,5.0,40.0,23.0,96.0,60.0,Philadelphia,
2018,31,Kansas City,11.7,20.0,9%,9.0,65%,21.0,$126,27.0,2.7,16.0,0.8,14.0,2.4,17.0,0.4,10.0,1.5,10.0,3.1,40.0,18.0,95.0,59.3,Kansas City,
2018,32,Fremont,6.4,12.0,37%,20.0,61%,19.0,$123,26.0,2.1,10.0,2.6,40.0,1.9,13.0,0.5,13.0,3.8,30.0,0.0,0.0,18.0,95.0,59.2,Fremont,
2018,33,Omaha,7.4,14.0,12%,12.0,78%,28.0,$79,15.0,5.2,37.0,0.4,5.0,4.3,36.0,0.7,16.0,3.8,31.0,1.6,25.0,25.0,94.0,58.8,Omaha,
2018,34,Raleigh,4.4,8.0,11%,11.0,54%,15.0,$202,40.0,5.3,38.0,0.7,10.0,2.1,14.0,1.6,40.0,2.3,17.0,0.0,0.0,20.0,94.0,58.6,Raleigh,
2018,34,Las Vegas,2.5,4.0,19%,20.0,64%,21.0,$118,25.0,1.3,4.0,4.0,40.0,3.9,32.0,0.8,19.0,1.3,8.0,3.7,40.0,24.0,94.0,58.6,Las Vegas,
2018,36,Anchorage,4.7,9.0,84%,20.0,71%,24.0,$98,20.0,2.6,15.0,2.3,40.0,2.8,21.0,0.3,6.0,5.6,40.0,0.0,0.0,20.0,93.0,58.3,Anchorage,
2018,37,Cleveland,3.1,6.0,6%,6.0,80%,30.0,$105,22.0,6.0,40.0,0.5,7.0,3.7,30.0,1.1,29.0,2.9,23.0,10.4,40.0,28.0,92.0,57.6,Cleveland,
2018,38,Oakland,2.1,4.0,12%,12.0,85%,32.0,$108,22.0,2.6,15.0,3.8,40.0,1.8,11.0,1.2,31.0,3.5,28.0,0.5,6.0,22.0,92.0,57.4,Oakland,
2018,39,Tampa,4.5,9.0,8%,7.0,60%,18.0,$114,24.0,6.1,40.0,3.5,40.0,2.2,15.0,1.8,40.0,2.8,21.0,2.4,40.0,33.0,91.0,56.7,Tampa,
2018,40,Albuquerque,4.3,8.0,23%,20.0,82%,30.0,$62,10.0,2.2,11.0,2.3,40.0,3.1,24.0,1.1,27.0,1.6,11.0,0.7,10.0,21.0,89.0,55.3,Albuquerque,
2018,41,Chesapeake,7.2,14.0,26%,20.0,37%,5.0,$94,19.0,3.8,25.0,2.1,40.0,5.0,40.0,1.0,25.0,6.3,40.0,0.0,0.0,28.0,86.0,54.0,Chesapeake,
2018,42,Austin,8.7,17.0,10%,11.0,60%,18.0,$108,22.0,2.8,16.0,1.3,25.0,1.7,11.0,0.6,14.0,2.6,20.0,1.2,19.0,18.0,86.0,53.4,Austin,
2018,43,Atlanta,2.9,5.0,6%,6.0,66%,22.0,$139,30.0,2.8,16.0,0.9,15.0,3.0,23.0,1.5,38.0,0.6,2.0,2.4,39.0,22.0,85.0,53.2,Atlanta,
2018,44,Scottsdale,13.5,20.0,25%,20.0,38%,6.0,$109,22.0,1.5,5.0,1.3,24.0,1.5,9.0,0.8,19.0,3.1,25.0,1.3,20.0,17.0,85.0,53.1,Scottsdale,
2018,45,Norfolk,1.6,3.0,5%,5.0,72%,25.0,$80,15.0,28.3,40.0,4.8,40.0,6.6,40.0,2.0,40.0,0.6,2.0,2.0,33.0,33.0,81.0,50.3,Norfolk,
2018,46,Colorado Springs,6.6,13.0,9%,9.0,69%,23.0,$81,15.0,2.9,18.0,1.7,36.0,3.0,23.0,0.3,7.0,2.9,22.0,0.9,13.0,20.0,80.0,49.9,Colorado Springs,
2018,46,Orlando,3.4,6.0,5%,5.0,60%,18.0,$125,27.0,4.7,33.0,1.1,20.0,2.4,17.0,1.5,38.0,4.2,35.0,0.0,0.0,24.0,80.0,49.9,Orlando,
2018,48,Honolulu,6.8,13.0,19%,20.0,65%,21.0,$57,9.0,3.6,24.0,0.4,3.0,1.5,8.0,1.6,40.0,2.6,20.0,0.0,0.0,16.0,79.0,49.3,Honolulu,
2018,49,Dallas,7.8,15.0,13%,13.0,60%,18.0,$108,22.0,2.5,14.0,0.3,1.0,1.5,9.0,0.6,16.0,1.3,8.0,0.8,13.0,10.0,78.0,48.9,Dallas,
2018,50,Miami,2.6,5.0,7%,6.0,80%,30.0,$87,17.0,3.2,20.0,0.9,16.0,1.3,7.0,1.6,40.0,3.8,31.0,0.0,0.0,19.0,77.0,48.1,Miami,
2018,51,Buffalo,1.1,2.0,8%,7.0,85%,33.0,$54,8.0,6.3,40.0,0.8,13.0,2.3,17.0,0.7,17.0,4.2,34.0,4.2,40.0,27.0,77.0,48.0,Buffalo,
2018,52,North Las Vegas,7.1,14.0,26%,20.0,58%,17.0,$67,12.0,2.1,11.0,0.8,14.0,2.3,16.0,0.2,3.0,1.0,5.0,1.6,27.0,13.0,76.0,47.3,North Las Vegas,
2018,53,Jersey City,0.6,1.0,18%,19.0,91%,36.0,$29,2.0,2.6,15.0,2.2,40.0,1.3,7.0,1.0,24.0,1.8,13.0,0.0,0.0,17.0,75.0,46.6,Jersey City,
2018,54,Nashville,16.7,20.0,11%,11.0,37%,6.0,$100,20.0,3.0,18.0,1.2,23.0,3.1,24.0,0.8,19.0,1.7,12.0,0.4,6.0,17.0,74.0,46.3,Nashville,
2018,55,Lexington,11.3,20.0,2%,2.0,52%,14.0,$83,16.0,3.7,24.0,1.9,40.0,2.0,13.0,0.5,12.0,4.0,32.0,0.6,9.0,22.0,74.0,46.0,Lexington,
2018,56,Phoenix,14.6,20.0,15%,16.0,45%,10.0,$87,17.0,0.9,1.0,0.7,11.0,1.6,9.0,0.4,9.0,2.5,19.0,0.6,9.0,10.0,73.0,45.4,Phoenix,
2018,57,Riverside,10.5,20.0,7%,7.0,48%,12.0,$73,13.0,3.0,18.0,0.6,9.0,2.4,18.0,1.1,29.0,2.4,18.0,1.9,31.0,21.0,73.0,45.3,Riverside,
2018,58,Richmond,2.5,4.0,7%,7.0,73%,26.0,$75,14.0,3.4,22.0,1.3,27.0,2.2,15.0,2.0,40.0,2.7,21.0,0.0,0.0,21.0,72.0,44.9,Richmond,
2018,58,Baltimore,0.8,1.0,10%,10.0,85%,32.0,$78,14.0,1.6,7.0,0.5,6.0,3.2,25.0,1.3,34.0,0.6,2.0,1.0,15.0,15.0,72.0,44.9,Baltimore,
2018,60,Tulsa,9.6,19.0,8%,7.0,55%,15.0,$67,12.0,2.1,11.0,0.5,5.0,2.3,17.0,0.6,15.0,2.6,20.0,7.4,40.0,18.0,71.0,44.4,Tulsa,
2018,61,Corpus Christi,3.3,6.0,9%,9.0,74%,26.0,$71,13.0,2.7,16.0,0.3,1.0,4.4,37.0,0.8,19.0,2.5,19.0,0.6,9.0,17.0,71.0,44.3,Corpus Christi,
2018,62,Columbus,7.8,15.0,9%,9.0,52%,14.0,$104,21.0,2.1,11.0,0.6,8.0,1.7,11.0,0.7,16.0,1.9,13.0,0.5,6.0,11.0,70.0,43.6,Columbus,
2018,63,"Arlington, Texas",12.6,20.0,8%,8.0,53%,14.0,$89,17.0,1.7,8.0,0.5,7.0,1.7,10.0,0.3,7.0,2.1,16.0,0.8,12.0,10.0,69.0,43.1,"Arlington, Texas",
2018,63,Chandler,8.3,16.0,4%,3.0,59%,18.0,$78,15.0,3.1,20.0,1.5,30.0,2.2,15.0,0.5,13.0,1.8,13.0,0.7,11.0,17.0,69.0,43.1,Chandler,
2018,65,Bakersfield,9.1,18.0,6%,6.0,43%,9.0,$74,13.0,1.9,9.0,2.1,40.0,2.9,22.0,0.4,10.0,2.2,16.0,2.4,39.0,23.0,69.0,42.9,Bakersfield,
2018,66,Los Angeles,4.8,9.0,13%,13.0,56%,16.0,$103,21.0,2.0,10.0,0.3,1.0,1.1,5.0,1.1,28.0,1.3,8.0,0.4,5.0,10.0,69.0,42.8,Los Angeles,
2018,67,San Antonio,11.7,20.0,10%,11.0,38%,6.0,$93,18.0,1.6,7.0,0.8,12.0,1.7,10.0,0.7,18.0,3.0,23.0,0.3,3.0,12.0,67.0,42.0,San Antonio,
2018,68,Anaheim,8.3,16.0,8%,8.0,62%,19.0,$73,13.0,1.4,4.0,0.6,7.0,1.4,7.0,0.2,5.0,5.0,40.0,0.3,3.0,11.0,67.0,41.9,Anaheim,
2018,69,Durham,8.8,17.0,4%,3.0,48%,12.0,$68,12.0,4.3,30.0,1.1,21.0,2.1,15.0,0.8,19.0,3.5,28.0,1.5,24.0,23.0,67.0,41.8,Durham,
2018,70,Greensboro,5.0,10.0,9%,9.0,59%,18.0,$66,12.0,1.6,6.0,1.0,19.0,3.7,30.0,0.8,21.0,2.9,23.0,0.0,0.0,17.0,66.0,40.9,Greensboro,
2018,71,Glendale,4.8,9.0,6%,5.0,72%,25.0,$31,2.0,4.6,32.0,1.2,24.0,3.9,32.0,0.6,16.0,1.7,12.0,1.6,26.0,24.0,65.0,40.4,Glendale,
2018,72,Garland,9.6,19.0,7%,7.0,59%,18.0,$66,11.0,2.2,12.0,0.0,0.0,1.4,8.0,0.7,16.0,2.1,15.0,0.0,0.0,9.0,64.0,39.7,Garland,
2018,73,Newark,0.7,1.0,6%,6.0,90%,35.0,$42,5.0,2.5,14.0,0.0,0.0,1.0,3.0,0.8,21.0,2.2,17.0,3.2,40.0,16.0,63.0,39.3,Newark,
2018,74,Wichita,11.3,20.0,5%,5.0,52%,14.0,$52,8.0,1.0,1.0,0.8,12.0,2.1,14.0,0.5,11.0,4.0,32.0,1.5,24.0,16.0,63.0,39.2,Wichita,
2018,75,Reno,5.0,10.0,5%,5.0,74%,26.0,$50,7.0,3.8,25.0,0.8,13.0,2.9,22.0,0.3,7.0,2.5,19.0,0.0,0.0,14.0,62.0,39.0,Reno,
2018,76,Chula Vista,7.1,14.0,7%,6.0,55%,16.0,$44,6.0,2.0,10.0,1.9,39.0,3.6,29.0,0.7,16.0,1.6,10.0,0.7,11.0,19.0,61.0,38.2,Chula Vista,
2018,77,Houston,4.7,9.0,18%,19.0,49%,12.0,$38,4.0,2.2,12.0,0.7,11.0,1.7,11.0,0.7,16.0,2.8,22.0,1.5,24.0,16.0,60.0,37.5,Houston,
2018,78,El Paso,3.9,7.0,19%,20.0,50%,13.0,$34,3.0,2.4,13.0,0.6,8.0,3.7,30.0,0.8,19.0,1.3,8.0,1.3,21.0,17.0,60.0,37.2,El Paso,
2018,79,Toledo,5.5,11.0,6%,6.0,77%,28.0,$43,5.0,1.4,5.0,0.7,11.0,2.8,21.0,0.1,1.0,1.9,13.0,0.4,4.0,9.0,59.0,37.0,Toledo,
2018,80,Stockton,6.0,12.0,3%,2.0,72%,25.0,$24,1.0,3.5,22.0,1.0,17.0,2.3,16.0,0.4,9.0,2.8,21.0,1.6,26.0,19.0,59.0,36.6,Stockton,
2018,81,Oklahoma City,7.2,14.0,7%,7.0,42%,8.0,$66,12.0,1.9,9.0,0.5,5.0,1.7,11.0,0.8,19.0,2.3,17.0,2.6,40.0,17.0,58.0,36.1,Oklahoma City,
2018,82,Fort Worth,7.7,15.0,6%,5.0,55%,16.0,$68,12.0,1.3,4.0,0.6,8.0,2.3,16.0,0.3,7.0,1.9,13.0,0.2,2.0,8.0,56.0,35.2,Fort Worth,
2018,82,Irving,4.1,8.0,5%,5.0,58%,17.0,$66,11.0,1.2,3.0,0.8,14.0,3.1,24.0,0.8,21.0,2.3,17.0,0.8,13.0,15.0,56.0,35.2,Irving,
2018,84,Louisville,7.5,15.0,7%,7.0,33%,3.0,$55,8.0,2.2,12.0,0.9,16.0,2.2,16.0,0.5,12.0,4.8,40.0,4.2,40.0,23.0,56.0,34.8,Louisville,
2018,85,Jacksonville,5.8,11.0,14%,15.0,33%,3.0,$41,5.0,1.8,8.0,0.6,8.0,3.7,30.0,1.4,35.0,7.0,40.0,0.5,6.0,21.0,55.0,34.5,Jacksonville,
2018,86,Tucson,5.4,10.0,3%,2.0,57%,17.0,$58,9.0,2.5,14.0,1.5,30.0,2.0,14.0,0.8,20.0,2.0,14.0,0.6,8.0,17.0,55.0,34.2,Tucson,
2018,87,Santa Ana,6.0,12.0,4%,4.0,72%,25.0,$42,5.0,2.1,11.0,0.0,0.0,1.0,3.0,0.9,22.0,1.7,12.0,0.0,0.0,8.0,54.0,33.8,Santa Ana,
2018,88,Detroit,2.4,4.0,6%,6.0,77%,28.0,$40,5.0,2.4,13.0,0.8,12.0,2.7,21.0,0.4,9.0,0.5,1.0,0.6,9.0,11.0,54.0,33.6,Detroit,
2018,89,Lubbock,9.7,19.0,3%,2.0,54%,15.0,$44,6.0,5.0,35.0,0.0,0.0,2.2,16.0,0.4,9.0,1.5,10.0,0.0,0.0,12.0,54.0,33.5,Lubbock,
2018,90,Baton Rouge,4.2,8.0,3%,2.0,50%,13.0,$50,7.0,5.9,40.0,0.9,15.0,2.7,20.0,2.9,40.0,1.3,8.0,0.9,13.0,23.0,53.0,32.9,Baton Rouge,
2018,91,Memphis,10.0,20.0,5%,4.0,43%,9.0,$58,9.0,2.8,17.0,0.4,5.0,1.8,11.0,0.9,23.0,0.9,4.0,0.3,3.0,11.0,53.0,32.8,Memphis,
2018,92,Winston-Salem,9.2,18.0,5%,4.0,35%,4.0,$48,7.0,1.2,3.0,0.4,4.0,1.8,12.0,1.4,36.0,2.5,19.0,2.0,34.0,18.0,51.0,31.9,Winston-Salem,
2018,93,Laredo,4.1,8.0,2%,1.0,49%,12.0,$67,12.0,9.7,40.0,0.4,3.0,2.2,16.0,1.7,40.0,1.0,5.0,0.0,0.0,17.0,50.0,31.5,Laredo,
2018,94,Fresno,2.2,4.0,4%,3.0,62%,19.0,$42,5.0,4.6,32.0,1.3,26.0,2.6,19.0,0.6,14.0,0.9,5.0,1.0,15.0,19.0,50.0,30.9,Fresno,
2018,95,Hialeah,4.1,8.0,2%,1.0,62%,20.0,$35,3.0,3.0,19.0,0.0,0.0,0.7,1.0,1.5,40.0,1.0,5.0,1.7,28.0,16.0,48.0,29.7,Hialeah,
2018,96,Mesa,2.8,5.0,3%,2.0,64%,20.0,$69,12.0,2.8,17.0,0.4,4.0,1.4,7.0,0.2,4.0,0.6,2.0,0.4,5.0,7.0,46.0,28.4,Mesa,
2018,97,Charlotte,18.0,20.0,4%,4.0,28%,1.0,$47,7.0,1.1,2.0,0.6,8.0,1.9,12.0,0.5,11.0,0.6,2.0,0.8,13.0,8.0,40.0,25.0,Charlotte,
2017,1,Minneapolis,6.6,13.0,15%,15.0,97%,39.0,$233,20.0,5.0,18.0,1.7,17.0,3.9,15.0,2.5,20.0,,,,,18.0,87.5,,Minneapolis,5.0
2017,2,St. Paul,3.7,7.0,15%,16.0,96%,39.0,$202,20.0,9.6,20.0,1.3,13.0,3.8,15.0,1.8,20.0,,,,,17.0,82.5,,St. Paul,5.0
2017,3,San Francisco,1.6,3.0,20%,20.0,100%,40.0,$235,20.0,3.8,13.0,3.8,20.0,2.4,8.0,0.8,10.0,,,,,13.0,80.0,,San Francisco,5.0
2017,4,"Washington, D.C.",1.5,2.0,22%,20.0,97%,39.0,$270,20.0,4.0,14.0,1.7,17.0,1.8,5.0,2.3,20.0,,,,,14.0,79.0,,"Washington, D.C.",4.5
2017,5,Portland,4.6,9.0,18%,19.0,86%,33.0,$165,20.0,3.8,14.0,5.3,20.0,2.1,7.0,0.6,7.0,,,,,12.0,77.5,,Portland,4.5
2017,6,"Arlington, Virginia",2.5,4.0,11%,11.0,98%,39.0,$230,20.0,4.1,15.0,3.5,20.0,4.7,19.0,1.5,18.0,,,,,18.0,76.5,,"Arlington, Virginia",4.5
2017,7,Irvine,6.4,12.0,22%,20.0,76%,27.0,$252,20.0,2.6,9.0,0.4,3.0,2.8,10.0,1.5,19.0,,,,,10.0,74.0,,Irvine,4.5
2017,7,New York,1.0,1.0,21%,20.0,97%,39.0,$179,20.0,3.6,13.0,1.6,15.0,2.0,6.0,0.1,1.0,,,,,9.0,74.0,,New York,4.5
2017,9,Madison,4.7,9.0,13%,14.0,90%,35.0,$126,15.0,10.2,20.0,4.3,20.0,7.4,20.0,0.1,1.0,,,,,15.0,73.5,,Madison,4.5
2017,10,Cincinnati,4.9,9.0,14%,14.0,71%,25.0,$191,20.0,5.0,19.0,1.3,13.0,5.0,20.0,2.2,20.0,,,,,18.0,71.5,,Cincinnati,4.0
2017,11,Chicago,1.4,2.0,10%,10.0,97%,39.0,$173,20.0,4.5,16.0,0.9,8.0,3.5,13.0,1.8,20.0,,,,,14.0,71.0,,Chicago,4.0
2017,11,Seattle,2.4,4.0,12%,13.0,94%,37.0,$279,20.0,1.9,5.0,2.1,20.0,2.2,8.0,0.8,9.0,,,,,11.0,71.0,,Seattle,4.0
2017,13,Boston,1.5,2.0,17%,18.0,98%,39.0,$112,13.0,3.4,12.0,1.1,10.0,4.1,16.0,1.0,11.0,,,,,12.0,70.0,,Boston,4.0
2017,14,San Diego,5.7,11.0,23%,20.0,77%,28.0,$120,14.0,2.8,9.0,1.2,11.0,1.9,6.0,1.0,12.0,,,,,10.0,69.0,,San Diego,4.0
2017,15,Aurora,7.9,15.0,11%,11.0,86%,33.0,$139,17.0,1.7,5.0,0.8,7.0,2.3,8.0,0.2,2.0,,,,,6.0,68.5,,Aurora,4.0
2017,16,St. Petersburg,3.5,6.0,16%,16.0,73%,25.0,$133,16.0,4.2,15.0,2.4,20.0,3.4,13.0,1.3,15.0,,,,,16.0,66.0,,St. Petersburg,4.0
2017,17,Albuquerque,4.3,8.0,24%,20.0,82%,31.0,$58,6.0,2.3,7.0,2.4,20.0,3.0,11.0,1.1,13.0,,,,,13.0,65.0,,Albuquerque,3.5
2017,17,Plano,13.3,20.0,9%,9.0,74%,26.0,$147,18.0,1.8,5.0,0.4,2.0,2.5,9.0,0.4,4.0,,,,,5.0,65.0,,Plano,3.5
2017,17,St. Louis,2.2,4.0,10%,9.0,90%,35.0,$271,20.0,2.6,8.0,1.6,15.0,2.3,8.0,0.6,7.0,,,,,10.0,65.0,,St. Louis,3.5
2017,20,Denver,6.0,12.0,8%,8.0,86%,33.0,$115,13.0,1.6,4.0,1.5,15.0,3.7,14.0,0.9,11.0,,,,,11.0,64.0,,Denver,3.5
2017,21,Milwaukee,4.5,8.0,10%,10.0,88%,34.0,$115,13.0,5.7,20.0,0.5,4.0,2.7,10.0,0.9,11.0,,,,,11.0,63.5,,Milwaukee,3.5
2017,21,Omaha,7.0,14.0,14%,14.0,78%,28.0,$76,8.0,5.3,20.0,0.5,3.0,4.4,17.0,0.7,8.0,,,,,12.0,63.5,,Omaha,3.5
2017,21,Sacramento,5.5,11.0,8%,8.0,79%,29.0,$122,14.0,2.7,9.0,2.3,20.0,4.0,16.0,1.0,12.0,,,,,14.0,63.5,,Sacramento,3.5
2017,24,Fremont,7.3,14.0,37%,20.0,62%,19.0,$128,15.0,2.1,6.0,0.9,8.0,2.0,6.0,0.5,6.0,,,,,7.0,62.5,,Fremont,3.5
2017,24,Las Vegas,2.5,4.0,19%,20.0,70%,24.0,$127,15.0,1.4,3.0,4.3,20.0,4.1,16.0,0.8,10.0,,,,,12.0,62.5,,Las Vegas,3.5
2017,24,Lincoln,5.8,11.0,7%,7.0,86%,33.0,$88,10.0,3.6,13.0,1.6,15.0,5.1,20.0,0.8,9.0,,,,,14.0,62.5,,Lincoln,3.5
2017,24,Long Beach,3.0,5.0,10%,10.0,81%,30.0,$205,20.0,1.6,4.0,1.9,19.0,1.3,3.0,1.1,14.0,,,,,10.0,62.5,,Long Beach,3.5
2017,24,Oakland,2.5,4.0,12%,12.0,85%,32.0,$145,17.0,2.6,9.0,1.0,9.0,1.8,6.0,1.3,15.0,,,,,10.0,62.5,,Oakland,3.5
2017,24,San Jose,3.2,6.0,14%,15.0,75%,27.0,$147,18.0,1.6,4.0,1.0,9.0,2.7,10.0,1.1,13.0,,,,,9.0,62.5,,San Jose,3.5
2017,24,Virginia Beach,6.0,12.0,16%,16.0,58%,18.0,$177,20.0,3.3,11.0,0.7,5.0,4.2,16.0,0.3,3.0,,,,,9.0,62.5,,Virginia Beach,3.5
2017,31,Anchorage,4.4,8.0,84%,20.0,71%,25.0,$93,10.0,2.6,9.0,2.3,20.0,2.8,10.0,0.3,3.0,,,,,11.0,61.5,,Anchorage,3.5
2017,32,Henderson,7.6,15.0,13%,14.0,49%,13.0,$148,18.0,3.6,13.0,5.4,20.0,3.1,11.0,0.6,7.0,,,,,13.0,61.0,,Henderson,3.5
2017,32,Honolulu,2.3,4.0,33%,20.0,84%,32.0,$51,5.0,5.7,20.0,0.6,4.0,1.3,3.0,1.9,20.0,,,,,12.0,61.0,,Honolulu,3.5
2017,32,Philadelphia,3.6,7.0,13%,13.0,93%,37.0,$59,6.0,4.1,15.0,0.3,1.0,1.7,5.0,2.1,20.0,,,,,10.0,61.0,,Philadelphia,3.5
2017,35,Boise,7.3,14.0,8%,8.0,61%,19.0,$144,17.0,2.2,7.0,7.2,20.0,3.7,14.0,1.1,13.0,,,,,14.0,60.0,,Boise,3.5
2017,35,Raleigh,4.4,8.0,15%,15.0,54%,15.0,$202,20.0,6.1,20.0,0.8,6.0,2.4,8.0,1.9,20.0,,,,,14.0,60.0,,Raleigh,3.5
2017,37,New Orleans,1.9,3.0,26%,20.0,77%,28.0,$116,13.0,1.6,5.0,0.8,6.0,2.5,9.0,0.7,8.0,,,,,7.0,59.0,,New Orleans,3.5
2017,38,Kansas City,11.6,20.0,9%,9.0,65%,21.0,$122,14.0,1.7,5.0,0.6,5.0,2.4,8.0,0.4,5.0,,,,,6.0,58.5,,Kansas City,3.0
2017,39,Pittsburgh,2.0,3.0,10%,10.0,84%,32.0,$69,7.0,3.6,13.0,2.3,20.0,4.1,16.0,1.7,20.0,,,,,17.0,57.5,,Pittsburgh,3.0
2017,40,Jersey City,0.6,1.0,18%,19.0,91%,36.0,$27,1.0,2.6,9.0,2.3,20.0,1.4,3.0,1.0,12.0,,,,,11.0,56.5,,Jersey City,3.0
2017,40,Tampa,4.3,8.0,7%,7.0,60%,18.0,$147,18.0,4.9,18.0,3.3,20.0,2.3,8.0,1.9,20.0,,,,,17.0,56.5,,Tampa,3.0
2017,42,Colorado Springs,6.6,13.0,9%,9.0,70%,24.0,$76,8.0,4.1,15.0,1.8,19.0,3.1,12.0,0.3,3.0,,,,,12.0,55.0,,Colorado Springs,3.0
2017,42,Norfolk,4.5,8.0,6%,6.0,72%,25.0,$74,8.0,8.3,20.0,4.9,20.0,4.2,16.0,2.0,20.0,,,,,19.0,55.0,,Norfolk,3.0
2017,42,Scottsdale,13.5,20.0,25%,20.0,37%,6.0,$105,12.0,1.5,4.0,1.3,12.0,1.6,5.0,0.8,9.0,,,,,8.0,55.0,,Scottsdale,3.0
2017,45,Cleveland,3.4,6.0,6%,6.0,80%,29.0,$100,11.0,6.0,20.0,0.5,4.0,3.7,14.0,1.1,14.0,,,,,13.0,54.0,,Cleveland,3.0
2017,46,Austin,8.5,17.0,11%,11.0,54%,15.0,$103,12.0,2.9,10.0,1.4,14.0,1.8,5.0,0.6,6.0,,,,,9.0,53.5,,Austin,3.0
2017,47,North Las Vegas,5.7,11.0,26%,20.0,57%,17.0,$86,9.0,2.2,7.0,0.8,7.0,2.4,8.0,0.2,2.0,,,,,6.0,52.5,,North Las Vegas,3.0
2017,48,Miami,2.4,4.0,7%,6.0,80%,30.0,$100,11.0,3.3,11.0,0.9,8.0,1.4,4.0,1.6,19.0,,,,,11.0,51.5,,Miami,2.5
2017,48,Richmond,3.9,7.0,5%,5.0,74%,26.0,$75,8.0,6.6,20.0,1.4,13.0,2.8,10.0,1.7,20.0,,,,,16.0,51.5,,Richmond,2.5
2017,50,Atlanta,3.1,6.0,6%,5.0,66%,22.0,$134,16.0,2.8,9.0,1.1,10.0,3.0,11.0,1.5,18.0,,,,,12.0,51.0,,Atlanta,2.5
2017,50,Dallas,7.6,15.0,13%,13.0,60%,18.0,$81,9.0,2.5,8.0,0.4,2.0,1.5,4.0,0.7,8.0,,,,,6.0,51.0,,Dallas,2.5
2017,52,Chesapeake,6.0,12.0,26%,20.0,38%,6.0,$80,9.0,2.5,8.0,2.1,20.0,3.1,12.0,0.8,10.0,,,,,13.0,50.0,,Chesapeake,2.5
2017,53,Baltimore,0.8,1.0,10%,10.0,85%,32.0,$70,7.0,1.6,4.0,0.5,3.0,3.2,12.0,1.3,16.0,,,,,9.0,49.0,,Baltimore,2.5
2017,53,Nashville,13.2,20.0,11%,11.0,38%,7.0,$106,12.0,3.0,10.0,1.0,9.0,2.1,7.0,0.8,9.0,,,,,9.0,49.0,,Nashville,2.5
2017,53,Orlando,3.6,7.0,5%,5.0,58%,17.0,$124,15.0,5.2,19.0,1.2,11.0,2.6,9.0,1.6,20.0,,,,,15.0,49.0,,Orlando,2.5
2017,56,Columbus,7.7,15.0,11%,11.0,52%,14.0,$101,11.0,1.9,6.0,0.6,5.0,1.9,6.0,0.7,8.0,,,,,6.0,47.5,,Columbus,2.5
2017,56,Phoenix,14.6,20.0,15%,15.0,45%,10.0,$80,8.0,0.9,2.0,0.6,4.0,1.7,5.0,0.4,5.0,,,,,4.0,47.5,,Phoenix,2.5
2017,58,Buffalo,1.1,2.0,8%,7.0,85%,32.0,$48,4.0,6.3,20.0,0.8,6.0,2.3,8.0,0.7,8.0,,,,,11.0,46.5,,Buffalo,2.5
2017,59,"Arlington, Texas",14.1,20.0,8%,7.0,55%,16.0,$90,10.0,0.7,1.0,0.3,1.0,1.3,3.0,0.3,3.0,,,,,2.0,46.0,,"Arlington, Texas",2.5
2017,59,Chandler,8.3,16.0,4%,3.0,58%,18.0,$71,7.0,3.3,12.0,1.6,16.0,2.3,8.0,0.6,6.0,,,,,11.0,46.0,,Chandler,2.5
2017,59,Corpus Christi,3.3,6.0,9%,8.0,72%,25.0,$73,7.0,2.8,9.0,0.0,0.0,4.2,16.0,0.8,10.0,,,,,9.0,46.0,,Corpus Christi,2.5
2017,59,Tulsa,9.5,19.0,8%,7.0,56%,16.0,$58,6.0,2.1,6.0,0.5,3.0,2.7,10.0,0.6,7.0,,,,,7.0,46.0,,Tulsa,2.5
2017,63,Anaheim,8.5,17.0,8%,8.0,62%,19.0,$72,7.0,1.4,3.0,0.6,4.0,1.4,4.0,0.2,2.0,,,,,3.0,45.0,,Anaheim,2.5
2017,63,Garland,9.5,19.0,7%,7.0,56%,16.0,$71,7.0,2.3,7.0,0.0,0.0,1.5,4.0,0.7,8.0,,,,,5.0,45.0,,Garland,2.5
2017,63,Glendale,4.8,9.0,6%,5.0,72%,25.0,$30,2.0,4.6,17.0,1.2,12.0,4.0,16.0,0.7,8.0,,,,,13.0,45.0,,Glendale,2.5
2017,63,Lexington,11.1,20.0,2%,2.0,51%,13.0,$82,9.0,3.9,14.0,1.6,16.0,2.0,6.0,0.4,5.0,,,,,10.0,45.0,,Lexington,2.5
2017,63,Riverside,12.7,20.0,7%,6.0,47%,11.0,$68,7.0,3.1,10.0,1.3,12.0,1.5,4.0,1.2,14.0,,,,,10.0,45.0,,Riverside,2.5
2017,63,Toledo,5.5,11.0,6%,6.0,76%,27.0,$44,4.0,1.9,6.0,0.7,6.0,2.8,10.0,0.1,1.0,,,,,6.0,45.0,,Toledo,2.5
2017,69,Greensboro,5.0,9.0,9%,9.0,60%,18.0,$67,7.0,2.5,8.0,0.8,6.0,4.0,15.0,0.9,11.0,,,,,10.0,44.0,,Greensboro,2.0
2017,69,San Antonio,11.6,20.0,10%,10.0,38%,6.0,$95,11.0,1.7,5.0,0.8,6.0,1.7,5.0,0.7,9.0,,,,,6.0,44.0,,San Antonio,2.0
2017,71,Bakersfield,9.0,18.0,6%,5.0,43%,9.0,$80,9.0,2.1,6.0,2.3,20.0,3.2,12.0,0.5,5.0,,,,,11.0,43.5,,Bakersfield,2.0
2017,72,Durham,9.0,18.0,4%,3.0,48%,12.0,$73,8.0,2.0,6.0,1.3,13.0,2.5,9.0,0.9,10.0,,,,,10.0,42.5,,Durham,2.0
2017,72,Reno,4.3,8.0,5%,5.0,71%,25.0,$49,4.0,3.9,14.0,0.8,7.0,3.0,11.0,0.3,4.0,,,,,9.0,42.5,,Reno,2.0
2017,74,Los Angeles,4.8,9.0,13%,13.0,54%,15.0,$85,9.0,0.8,1.0,0.3,1.0,1.1,2.0,1.1,13.0,,,,,4.0,41.5,,Los Angeles,2.0
2017,75,Chula Vista,7.1,14.0,7%,7.0,53%,15.0,$44,4.0,2.1,6.0,1.2,11.0,3.0,11.0,0.7,8.0,,,,,9.0,41.0,,Chula Vista,2.0
2017,75,Detroit,2.4,4.0,6%,6.0,78%,28.0,$21,1.0,3.2,11.0,0.6,5.0,4.7,19.0,0.4,4.0,,,,,10.0,41.0,,Detroit,2.0
2017,75,Santa Ana,6.0,12.0,4%,4.0,72%,25.0,$46,4.0,1.2,3.0,0.0,0.0,1.3,3.0,0.9,10.0,,,,,4.0,41.0,,Santa Ana,2.0
2017,75,Stockton,6.0,12.0,3%,2.0,71%,25.0,$24,1.0,3.8,13.0,1.0,10.0,2.5,9.0,0.4,5.0,,,,,9.0,41.0,,Stockton,2.0
2017,79,El Paso,3.7,7.0,19%,20.0,49%,12.0,$34,2.0,2.4,7.0,0.4,3.0,2.7,10.0,0.8,9.0,,,,,7.0,40.0,,El Paso,2.0
2017,79,Fort Worth,7.5,15.0,6%,5.0,55%,16.0,$78,8.0,1.4,3.0,0.2,1.0,2.4,8.0,0.3,3.0,,,,,4.0,40.0,,Fort Worth,2.0
2017,81,Houston,6.0,12.0,14%,15.0,47%,12.0,$35,2.0,2.2,7.0,0.6,5.0,1.9,6.0,0.6,7.0,,,,,6.0,39.0,,Houston,2.0
2017,81,Newark,1.0,1.0,6%,6.0,90%,35.0,$26,1.0,1.5,4.0,0.0,0.0,0.8,1.0,0.9,10.0,,,,,4.0,39.0,,Newark,2.0
2017,81,Wichita,10.8,20.0,5%,4.0,51%,13.0,$51,5.0,1.0,2.0,0.8,7.0,2.2,7.0,0.5,5.0,,,,,5.0,39.0,,Wichita,2.0
2017,84,Memphis,10.0,20.0,5%,4.0,42%,8.0,$54,5.0,3.0,10.0,0.5,3.0,1.8,6.0,1.0,12.0,,,,,8.0,37.5,,Memphis,1.5
2017,85,Irving,4.1,8.0,5%,5.0,58%,17.0,$59,6.0,1.2,3.0,0.9,8.0,3.3,12.0,0.9,10.0,,,,,8.0,36.5,,Irving,1.5
2017,85,Lubbock,9.7,19.0,3%,2.0,53%,15.0,$46,4.0,1.1,2.0,0.0,0.0,2.5,9.0,0.4,5.0,,,,,4.0,36.5,,Lubbock,1.5
2017,85,Tucson,5.1,10.0,3%,2.0,57%,17.0,$71,7.0,1.2,3.0,1.5,15.0,1.8,5.0,0.8,10.0,,,,,8.0,36.5,,Tucson,1.5
2017,88,Oklahoma City,6.7,13.0,7%,7.0,42%,9.0,$72,7.0,2.3,7.0,0.6,4.0,2.1,7.0,0.9,11.0,,,,,7.0,36.0,,Oklahoma City,1.5
2017,89,Baton Rouge,4.3,8.0,3%,2.0,50%,13.0,$51,5.0,5.1,19.0,0.9,8.0,2.9,10.0,2.9,20.0,,,,,14.0,35.0,,Baton Rouge,1.5
2017,90,Fresno,3.6,7.0,4%,3.0,61%,19.0,$38,3.0,3.6,13.0,1.2,12.0,1.5,4.0,0.3,4.0,,,,,8.0,33.5,,Fresno,1.5
2017,90,Hialeah,4.6,9.0,1%,1.0,61%,19.0,$38,3.0,3.1,11.0,0.0,0.0,0.7,1.0,1.6,19.0,,,,,8.0,33.5,,Hialeah,1.5
2017,90,Jacksonville,5.6,11.0,14%,14.0,32%,3.0,$33,2.0,1.8,5.0,0.6,4.0,3.3,12.0,1.4,17.0,,,,,10.0,33.5,,Jacksonville,1.5
2017,93,Laredo,4.1,8.0,2%,1.0,49%,12.0,$66,7.0,10.2,20.0,0.4,2.0,2.4,8.0,1.0,12.0,,,,,11.0,32.5,,Laredo,1.5
2017,93,Winston-Salem,9.8,19.0,4%,4.0,35%,5.0,$42,3.0,1.3,3.0,0.4,3.0,1.9,6.0,1.5,18.0,,,,,8.0,32.5,,Winston-Salem,1.5
2017,95,Mesa,2.7,5.0,3%,2.0,63%,20.0,$69,7.0,2.7,9.0,0.4,3.0,1.4,3.0,0.2,2.0,,,,,4.0,31.5,,Mesa,1.5
2017,96,Louisville,7.7,15.0,7%,7.0,34%,4.0,$50,4.0,2.3,7.0,0.9,8.0,2.4,8.0,0.5,6.0,,,,,7.0,31.0,,Louisville,1.5
2017,97,Charlotte,16.6,20.0,4%,4.0,27%,1.0,$45,4.0,1.3,3.0,0.7,6.0,2.3,8.0,0.6,7.0,,,,,6.0,29.0,,Charlotte,1.0
2017,98,Fort Wayne,4.0,7.0,3%,3.0,44%,10.0,$79,8.0,1.8,5.0,0.8,7.0,2.3,8.0,0.4,5.0,,,,,6.0,28.5,,Fort Wayne,1.0
2017,98,Indianapolis,9.8,19.0,5%,5.0,32%,3.0,$35,2.0,2.2,7.0,0.5,3.0,1.5,4.0,0.5,6.0,,,,,5.0,28.5,,Indianapolis,1.0
2016,1,Minneapolis,6.5,12.0,15%,16.0,95%,39.0,$224,20.0,3.9,16.0,1.8,20.0,2.8,11.0,2.6,20.0,,,,,17.0,104.0,86.5,Minneapolis,5.0
2016,2,St. Paul,3.7,7.0,15%,16.0,96%,39.0,$212,20.0,4.2,17.0,1.4,15.0,3.9,16.0,1.8,20.0,,,,,17.0,99.0,82.5,St. Paul,5.0
2016,3,"Washington, D.C.",0.8,1.0,22%,20.0,97%,40.0,$287,20.0,4.1,17.0,1.7,19.0,1.7,6.0,2.4,20.0,,,,,16.0,97.0,81.0,"Washington, D.C.",5.0
2016,4,"Arlington, Virginia",2.1,4.0,11%,12.0,98%,40.0,$235,20.0,4.0,16.0,3.6,20.0,4.6,19.0,1.5,19.0,,,,,19.0,95.0,79.0,"Arlington, Virginia",4.5
2016,5,San Francisco,1.8,3.0,19%,20.0,99%,40.0,$223,20.0,1.9,6.0,3.5,20.0,1.9,7.0,0.6,8.0,,,,,10.0,93.0,77.5,San Francisco,4.5
2016,6,Portland,4.6,9.0,18%,19.0,85%,33.0,$154,18.0,3.8,15.0,5.4,20.0,2.1,8.0,0.6,7.0,,,,,13.0,92.0,76.5,Portland,4.5
2016,7,New York,1.0,1.0,21%,20.0,97%,40.0,$186,20.0,3.5,14.0,1.5,17.0,2.0,7.0,0.1,1.0,,,,,10.0,91.0,76.0,New York,4.5
2016,8,Irvine,6.4,12.0,20%,20.0,75%,27.0,$227,20.0,2.6,9.0,0.4,4.0,2.8,11.0,1.4,18.0,,,,,11.0,90.0,75.0,Irvine,4.5
2016,9,Boston,1.7,3.0,17%,19.0,98%,40.0,$122,14.0,3.8,15.0,1.1,12.0,2.9,11.0,1.0,12.0,,,,,13.0,89.0,74.0,Boston,4.5
2016,10,Cincinnati,4.3,8.0,14%,15.0,71%,25.0,$181,20.0,5.2,20.0,1.3,15.0,5.1,20.0,2.3,20.0,,,,,19.0,87.0,72.5,Cincinnati,4.0
2016,10,Madison,4.7,9.0,13%,14.0,90%,35.0,$122,14.0,10.8,20.0,4.2,20.0,7.3,20.0,0.1,1.0,,,,,15.0,87.0,72.5,Madison,4.0
2016,12,San Diego,6.8,13.0,22%,20.0,78%,29.0,$113,13.0,2.9,11.0,1.1,12.0,1.9,7.0,1.0,12.0,,,,,11.0,86.0,71.5,San Diego,4.0
2016,13,Seattle,2.4,4.0,12%,13.0,93%,37.0,$275,20.0,1.9,6.0,2.2,20.0,2.3,9.0,0.8,10.0,,,,,11.0,85.0,71.0,Seattle,4.0
2016,14,Oakland,2.5,4.0,18%,20.0,85%,33.0,$143,17.0,2.7,10.0,0.7,8.0,1.8,6.0,1.2,15.0,,,,,10.0,84.0,70.0,Oakland,4.0
2016,15,Chicago,2.2,4.0,9%,10.0,92%,37.0,$172,20.0,2.9,11.0,0.8,9.0,2.4,9.0,1.9,20.0,,,,,12.0,83.0,69.0,Chicago,4.0
2016,16,Aurora,7.9,15.0,11%,11.0,86%,33.0,$132,16.0,1.6,5.0,0.9,9.0,2.3,9.0,0.3,3.0,,,,,7.0,82.0,68.5,Aurora,4.0
2016,17,Sacramento,5.5,10.0,9%,9.0,79%,29.0,$148,18.0,2.7,10.0,2.3,20.0,4.0,16.0,1.0,13.0,,,,,15.0,81.0,67.5,Sacramento,4.0
2016,18,Plano,13.3,20.0,11%,12.0,74%,27.0,$125,15.0,1.8,6.0,0.4,3.0,2.6,10.0,0.4,4.0,,,,,6.0,80.0,66.5,Plano,4.0
2016,18,St. Petersburg,3.5,6.0,16%,17.0,73%,26.0,$132,16.0,2.5,9.0,2.4,20.0,3.5,14.0,1.3,16.0,,,,,15.0,80.0,66.5,St. Petersburg,4.0
2016,20,Albuquerque,4.3,8.0,24%,20.0,82%,31.0,$59,6.0,2.2,8.0,2.3,20.0,2.9,11.0,1.1,14.0,,,,,13.0,78.0,65.0,Albuquerque,3.5
2016,20,Denver,6.1,12.0,8%,8.0,86%,33.0,$109,13.0,1.6,5.0,1.4,15.0,3.9,16.0,0.9,12.0,,,,,12.0,78.0,65.0,Denver,3.5
2016,22,Long Beach,3.0,5.0,10%,11.0,80%,30.0,$186,20.0,1.6,5.0,1.9,20.0,1.1,3.0,1.1,15.0,,,,,11.0,77.0,64.0,Long Beach,3.5
2016,22,Philadelphia,3.6,7.0,13%,14.0,93%,37.0,$65,7.0,4.1,17.0,0.3,3.0,1.7,6.0,2.1,20.0,,,,,12.0,77.0,64.0,Philadelphia,3.5
2016,22,St. Louis,1.4,2.0,10%,10.0,90%,36.0,$151,18.0,2.1,7.0,1.6,18.0,2.4,9.0,0.6,8.0,,,,,11.0,77.0,64.0,St. Louis,3.5
2016,25,Henderson,7.6,15.0,13%,14.0,49%,13.0,$178,20.0,3.6,14.0,5.4,20.0,3.1,12.0,0.6,7.0,,,,,13.0,75.0,62.5,Henderson,3.5
2016,25,Omaha,7.0,13.0,14%,15.0,78%,29.0,$74,8.0,2.0,7.0,0.5,5.0,4.4,18.0,0.7,9.0,,,,,10.0,75.0,62.5,Omaha,3.5
2016,27,Fremont,7.5,14.0,38%,20.0,62%,20.0,$121,14.0,2.2,7.0,0.4,4.0,1.9,7.0,0.5,7.0,,,,,6.0,74.0,61.5,Fremont,3.5
2016,27,Honolulu,2.3,4.0,33%,20.0,84%,32.0,$50,5.0,5.8,20.0,0.6,6.0,1.3,4.0,1.9,20.0,,,,,13.0,74.0,61.5,Honolulu,3.5
2016,27,Lincoln,6.5,12.0,7%,7.0,86%,33.0,$86,10.0,3.3,13.0,0.7,8.0,4.9,20.0,0.5,6.0,,,,,12.0,74.0,61.5,Lincoln,3.5
2016,27,Milwaukee,4.6,9.0,9%,9.0,88%,34.0,$89,10.0,5.7,20.0,0.5,5.0,2.8,11.0,0.9,12.0,,,,,12.0,74.0,61.5,Milwaukee,3.5
2016,31,Anchorage,4.4,8.0,84%,20.0,71%,25.0,$77,9.0,2.7,10.0,2.3,20.0,2.8,11.0,0.3,3.0,,,,,11.0,73.0,61.0,Anchorage,3.5
2016,31,Las Vegas,7.8,15.0,6%,6.0,70%,24.0,$133,16.0,1.0,2.0,4.1,20.0,3.7,15.0,0.7,9.0,,,,,12.0,73.0,61.0,Las Vegas,3.5
2016,31,San Jose,3.9,7.0,14%,16.0,72%,25.0,$131,15.0,1.5,5.0,1.0,11.0,2.7,10.0,1.1,14.0,,,,,10.0,73.0,61.0,San Jose,3.5
2016,31,Virginia Beach,4.1,8.0,16%,17.0,58%,18.0,$171,20.0,3.4,13.0,0.7,7.0,4.1,16.0,0.3,4.0,,,,,10.0,73.0,61.0,Virginia Beach,3.5
2016,35,North Las Vegas,5.7,11.0,26%,20.0,58%,18.0,$145,17.0,2.2,8.0,0.4,4.0,2.4,9.0,0.2,2.0,,,,,6.0,72.0,60.0,North Las Vegas,3.5
2016,36,Jersey City,0.6,1.0,18%,20.0,91%,36.0,$29,2.0,2.6,10.0,2.3,20.0,1.4,4.0,1.0,13.0,,,,,12.0,71.0,59.0,Jersey City,3.5
2016,36,Kansas City,11.6,20.0,9%,9.0,65%,22.0,$120,14.0,1.6,5.0,0.6,7.0,2.3,8.0,0.4,5.0,,,,,6.0,71.0,59.0,Kansas City,3.5
2016,36,Raleigh,4.4,8.0,14%,15.0,54%,15.0,$163,19.0,5.4,20.0,0.7,7.0,2.2,8.0,1.7,20.0,,,,,14.0,71.0,59.0,Raleigh,3.5
2016,39,Pittsburgh,1.7,3.0,8%,9.0,84%,32.0,$64,7.0,3.7,15.0,2.0,20.0,4.2,17.0,1.7,20.0,,,,,18.0,69.0,57.5,Pittsburgh,3.0
2016,39,Tampa,4.5,8.0,7%,7.0,60%,19.0,$153,18.0,4.9,20.0,3.4,20.0,2.3,9.0,1.8,20.0,,,,,17.0,69.0,57.5,Tampa,3.0
2016,41,New Orleans,1.8,3.0,26%,20.0,76%,28.0,$90,10.0,1.7,5.0,0.8,8.0,2.5,10.0,0.5,6.0,,,,,7.0,68.0,56.5,New Orleans,3.0
2016,41,Scottsdale,13.5,20.0,25%,20.0,37%,6.0,$116,13.0,1.5,5.0,1.3,15.0,1.6,5.0,0.8,10.0,,,,,9.0,68.0,56.5,Scottsdale,3.0
2016,43,Boise,7.3,14.0,9%,9.0,60%,19.0,$103,12.0,2.3,8.0,2.3,20.0,3.7,15.0,0.5,5.0,,,,,12.0,66.0,55.0,Boise,3.0
2016,43,Cleveland,3.4,6.0,6%,6.0,79%,30.0,$97,11.0,6.0,20.0,0.5,5.0,3.1,12.0,1.1,15.0,,,,,13.0,66.0,55.0,Cleveland,3.0
2016,43,Colorado Springs,6.6,13.0,9%,10.0,69%,24.0,$58,6.0,4.1,16.0,1.8,20.0,3.1,12.0,0.3,4.0,,,,,13.0,66.0,55.0,Colorado Springs,3.0
2016,43,Norfolk,4.4,8.0,6%,6.0,71%,25.0,$73,8.0,8.2,20.0,4.5,20.0,4.2,17.0,2.0,20.0,,,,,19.0,66.0,55.0,Norfolk,3.0
2016,47,Austin,10.0,19.0,15%,16.0,48%,12.0,$92,10.0,1.8,6.0,1.4,15.0,1.2,4.0,0.5,7.0,,,,,8.0,65.0,54.0,Austin,3.0
2016,48,Richmond,3.9,7.0,5%,5.0,74%,27.0,$77,8.0,6.8,20.0,0.9,10.0,3.8,15.0,1.8,20.0,,,,,16.0,63.0,52.5,Richmond,3.0
2016,49,Baltimore,0.8,1.0,10%,10.0,85%,33.0,$71,8.0,1.6,5.0,0.3,3.0,3.2,13.0,1.3,17.0,,,,,10.0,62.0,51.5,Baltimore,2.5
2016,49,Phoenix,14.6,20.0,15%,16.0,45%,11.0,$88,10.0,0.9,2.0,0.6,6.0,1.7,6.0,0.5,7.0,,,,,5.0,62.0,51.5,Phoenix,2.5
2016,51,Atlanta,3.1,6.0,6%,6.0,66%,22.0,$120,14.0,2.9,11.0,0.9,10.0,3.1,12.0,1.5,20.0,,,,,13.0,61.0,51.0,Atlanta,2.5
2016,52,Buffalo,1.1,2.0,8%,8.0,85%,33.0,$52,5.0,5.9,20.0,0.8,8.0,2.4,9.0,0.7,9.0,,,,,12.0,60.0,50.0,Buffalo,2.5
2016,52,Miami,1.9,3.0,6%,6.0,79%,30.0,$88,10.0,3.3,13.0,0.7,7.0,1.4,4.0,1.5,19.0,,,,,11.0,60.0,50.0,Miami,2.5
2016,54,Dallas,7.2,14.0,13%,13.0,58%,18.0,$63,7.0,2.6,9.0,0.4,4.0,1.7,6.0,0.7,8.0,,,,,7.0,59.0,49.0,Dallas,2.5
2016,55,Glendale,4.8,9.0,5%,5.0,72%,26.0,$39,4.0,4.7,20.0,1.3,14.0,4.1,17.0,0.5,6.0,,,,,14.0,58.0,48.5,Glendale,2.5
2016,55,Nashville,13.2,20.0,11%,11.0,38%,7.0,$90,10.0,3.1,12.0,0.9,10.0,2.2,8.0,0.8,10.0,,,,,10.0,58.0,48.5,Nashville,2.5
2016,55,Orlando,3.4,6.0,6%,6.0,58%,18.0,$119,14.0,5.2,20.0,0.4,4.0,2.6,10.0,1.6,20.0,,,,,14.0,58.0,48.5,Orlando,2.5
2016,58,"Arlington, Texas",14.3,20.0,8%,8.0,55%,16.0,$90,10.0,0.7,1.0,0.3,2.0,1.3,4.0,0.3,4.0,,,,,3.0,57.0,47.5,"Arlington, Texas",2.5
2016,58,Riverside,12.7,20.0,7%,7.0,46%,11.0,$70,8.0,2.5,9.0,1.3,14.0,1.4,5.0,1.2,15.0,,,,,11.0,57.0,47.5,Riverside,2.5
2016,60,Chesapeake,5.5,10.0,26%,20.0,38%,7.0,$68,7.0,1.9,6.0,2.1,20.0,3.2,12.0,0.8,11.0,,,,,12.0,56.0,46.5,Chesapeake,2.5
2016,60,Corpus Christi,3.3,6.0,8%,8.0,72%,26.0,$64,7.0,2.8,10.0,0.0,0.0,4.2,17.0,0.8,10.0,,,,,9.0,56.0,46.5,Corpus Christi,2.5
2016,60,Garland,9.8,19.0,8%,8.0,56%,17.0,$69,7.0,2.3,8.0,0.0,0.0,1.5,5.0,0.7,8.0,,,,,5.0,56.0,46.5,Garland,2.5
2016,60,Lexington,11.1,20.0,2%,2.0,51%,14.0,$82,9.0,4.0,16.0,1.3,14.0,2.1,8.0,0.3,4.0,,,,,11.0,56.0,46.5,Lexington,2.5
2016,60,Tulsa,10.0,19.0,8%,8.0,56%,16.0,$53,5.0,2.1,7.0,0.5,5.0,2.8,11.0,0.6,8.0,,,,,8.0,56.0,46.5,Tulsa,2.5
2016,65,Anaheim,8.7,17.0,7%,8.0,61%,19.0,$65,7.0,1.4,4.0,0.3,2.0,1.3,4.0,0.2,2.0,,,,,3.0,54.0,45.0,Anaheim,2.5
2016,65,Columbus,7.1,14.0,9%,9.0,52%,14.0,$89,10.0,1.8,6.0,0.6,6.0,1.8,6.0,0.7,8.0,,,,,7.0,54.0,45.0,Columbus,2.5
2016,65,Durham,11.3,20.0,4%,3.0,48%,12.0,$82,9.0,1.8,6.0,1.2,13.0,2.3,9.0,0.8,10.0,,,,,10.0,54.0,45.0,Durham,2.5
2016,65,Los Angeles,4.8,9.0,14%,15.0,55%,16.0,$80,9.0,0.8,1.0,0.3,2.0,1.1,3.0,1.1,14.0,,,,,5.0,54.0,45.0,Los Angeles,2.5
2016,69,Greensboro,4.0,7.0,9%,10.0,59%,18.0,$68,7.0,2.3,8.0,0.7,8.0,3.7,15.0,0.9,11.0,,,,,11.0,53.0,44.0,Greensboro,2.0
2016,69,Toledo,5.3,10.0,6%,6.0,76%,28.0,$45,4.0,1.9,6.0,0.4,3.0,2.8,11.0,0.1,1.0,,,,,5.0,53.0,44.0,Toledo,2.0
2016,71,Bakersfield,9.0,17.0,6%,6.0,42%,9.0,$84,9.0,2.0,7.0,1.9,20.0,3.0,12.0,0.4,5.0,,,,,11.0,52.0,43.5,Bakersfield,2.0
2016,71,Chandler,8.3,16.0,4%,3.0,56%,16.0,$67,7.0,2.6,9.0,1.6,18.0,2.2,8.0,0.2,3.0,,,,,10.0,52.0,43.5,Chandler,2.0
2016,71,Reno,4.3,8.0,5%,5.0,71%,25.0,$50,5.0,3.3,13.0,0.8,9.0,3.0,11.0,0.3,4.0,,,,,9.0,52.0,43.5,Reno,2.0
2016,71,San Antonio,11.5,20.0,9%,9.0,36%,6.0,$95,11.0,1.7,5.0,0.5,5.0,1.7,6.0,0.7,9.0,,,,,6.0,52.0,43.5,San Antonio,2.0
2016,75,Detroit,2.4,4.0,6%,6.0,78%,29.0,$15,1.0,3.1,12.0,0.6,6.0,4.7,19.0,0.4,5.0,,,,,11.0,51.0,42.5,Detroit,2.0
2016,75,El Paso,3.7,7.0,19%,20.0,49%,13.0,$36,3.0,2.4,9.0,0.4,4.0,2.7,10.0,0.8,10.0,,,,,8.0,51.0,42.5,El Paso,2.0
2016,75,Newark,1.1,2.0,6%,6.0,91%,36.0,$36,3.0,1.5,4.0,0.0,0.0,0.8,2.0,0.9,11.0,,,,,4.0,51.0,42.5,Newark,2.0
2016,78,Chula Vista,6.8,13.0,8%,8.0,52%,14.0,$42,4.0,2.0,7.0,1.2,13.0,3.0,12.0,0.7,9.0,,,,,10.0,49.0,41.0,Chula Vista,2.0
2016,78,Fort Worth,7.5,14.0,6%,5.0,55%,16.0,$81,9.0,1.4,4.0,0.1,1.0,2.3,9.0,0.3,4.0,,,,,5.0,49.0,41.0,Fort Worth,2.0
2016,78,Houston,6.0,11.0,14%,15.0,48%,12.0,$37,3.0,2.3,8.0,0.7,8.0,2.0,7.0,0.7,8.0,,,,,8.0,49.0,41.0,Houston,2.0
2016,78,Wichita,11.3,20.0,5%,4.0,50%,14.0,$47,5.0,1.0,2.0,0.8,8.0,2.1,8.0,0.5,5.0,,,,,6.0,49.0,41.0,Wichita,2.0
2016,82,Stockton,5.4,10.0,3%,2.0,71%,25.0,$15,1.0,3.6,14.0,1.0,11.0,2.4,9.0,0.4,5.0,,,,,10.0,48.0,40.0,Stockton,2.0
2016,83,Santa Ana,6.0,11.0,3%,2.0,70%,25.0,$44,4.0,1.3,3.0,0.0,0.0,1.3,4.0,0.5,7.0,,,,,4.0,46.0,38.5,Santa Ana,2.0
2016,83,Tucson,5.0,9.0,3%,2.0,56%,17.0,$81,9.0,1.2,3.0,1.3,15.0,1.9,7.0,0.8,10.0,,,,,9.0,46.0,38.5,Tucson,2.0
2016,85,Irving,4.1,8.0,5%,5.0,57%,17.0,$59,6.0,1.2,3.0,0.9,9.0,3.3,13.0,0.9,11.0,,,,,9.0,45.0,37.5,Irving,1.5
2016,85,Memphis,10.0,19.0,5%,4.0,41%,9.0,$53,5.0,2.9,11.0,0.5,4.0,1.8,6.0,0.9,12.0,,,,,8.0,45.0,37.5,Memphis,1.5
2016,87,Lubbock,9.7,19.0,3%,2.0,53%,15.0,$45,4.0,1.1,2.0,0.0,0.0,2.5,9.0,0.4,5.0,,,,,4.0,44.0,36.5,Lubbock,1.5
2016,88,Baton Rouge,4.3,8.0,3%,2.0,50%,13.0,$49,5.0,5.1,20.0,0.9,9.0,2.9,11.0,2.9,20.0,,,,,15.0,43.0,36.0,Baton Rouge,1.5
2016,89,Jacksonville,5.7,11.0,14%,15.0,32%,3.0,$32,3.0,1.9,6.0,0.4,3.0,3.4,13.0,1.4,18.0,,,,,10.0,42.0,35.0,Jacksonville,1.5
2016,89,Oklahoma City,6.7,13.0,7%,7.0,42%,9.0,$54,6.0,2.0,7.0,0.5,5.0,1.8,6.0,0.8,10.0,,,,,7.0,42.0,35.0,Oklahoma City,1.5
2016,91,Hialeah,5.1,10.0,1%,1.0,62%,20.0,$34,3.0,3.1,12.0,0.0,0.0,0.5,1.0,1.1,14.0,,,,,7.0,41.0,34.0,Hialeah,1.5
2016,91,Mesa,2.6,5.0,3%,2.0,64%,21.0,$70,8.0,2.6,10.0,0.4,4.0,1.4,4.0,0.2,2.0,,,,,5.0,41.0,34.0,Mesa,1.5
2016,93,Louisville,7.7,15.0,7%,7.0,34%,4.0,$55,6.0,2.3,8.0,0.9,10.0,2.5,9.0,0.4,5.0,,,,,8.0,40.0,33.5,Louisville,1.5
2016,93,Winston-Salem,9.8,19.0,4%,4.0,35%,5.0,$44,4.0,1.3,3.0,0.4,4.0,1.9,7.0,1.4,18.0,,,,,8.0,40.0,33.5,Winston-Salem,1.5
2016,95,Charlotte,15.9,20.0,6%,6.0,27%,1.0,$44,4.0,1.1,2.0,0.6,6.0,1.9,7.0,0.5,6.0,,,,,5.0,36.0,30.0,Charlotte,1.0
2016,95,Indianapolis,9.9,19.0,5%,5.0,32%,4.0,$26,2.0,2.3,8.0,0.5,5.0,1.5,5.0,0.5,7.0,,,,,6.0,36.0,30.0,Indianapolis,1.0
2016,97,Fresno,5.0,9.0,3%,2.0,54%,15.0,$33,3.0,0.8,1.0,1.2,13.0,1.3,4.0,0.3,4.0,,,,,6.0,35.0,29.0,Fresno,1.0
2016,98,Fort Wayne,3.9,7.0,3%,3.0,42%,9.0,$70,8.0,1.7,5.0,0.8,8.0,2.2,8.0,0.4,5.0,,,,,7.0,34.0,28.5,Fort Wayne,1.0
2015,1,Minneapolis,6.8,13.0,14.9%,16.0,95%,38.0,$224,20.0,1.7,5.0,1.7,20.0,2.8,11.0,2.5,20.0,,,,,56.0,14.0,84.0,,5.0
2015,1,St. Paul,3.7,7.0,15.3%,16.0,96%,40.0,$210,20.0,4.1,17.0,1.4,18.0,3.9,16.0,1.8,20.0,,,,,71.0,18.0,84.0,,5.0
2015,3,"Washington, D.C.",0.8,1.0,21.9%,20.0,97%,40.0,$343,20.0,4.0,16.0,1.7,20.0,1.8,6.0,2.3,20.0,,,,,62.0,16.0,81.0,,5.0
2015,4,San Francisco,1.9,3.0,19.0%,20.0,99%,40.0,$229,20.0,1.9,6.0,3.5,20.0,1.6,4.0,0.6,8.0,,,,,38.0,10.0,77.5,,4.5
2015,5,New York,1.1,2.0,20.8%,20.0,97%,40.0,$172,20.0,3.5,14.0,1.6,20.0,2.0,6.0,0.1,1.0,,,,,41.0,10.0,76.5,,4.5
2015,5,Portland,4.6,9.0,17.7%,19.0,85%,34.0,$145,17.0,3.8,15.0,5.4,20.0,2.1,7.0,0.6,8.0,,,,,50.0,13.0,76.5,,4.5
2015,7,Cincinnati,4.5,9.0,15.4%,16.0,71%,26.0,$203,20.0,5.2,20.0,1.3,17.0,5.1,20.0,2.4,20.0,,,,,77.0,19.0,75.0,,4.5
2015,8,Boston,1.7,3.0,16.9%,18.0,98%,40.0,$118,13.0,3.7,15.0,0.8,10.0,3.1,12.0,1.0,13.0,,,,,50.0,13.0,72.5,,4.0
2015,9,San Diego,6.8,13.0,23.5%,20.0,77%,30.0,$108,12.0,2.8,11.0,1.1,14.0,1.9,6.0,1.0,13.0,,,,,44.0,11.0,71.5,,4.0
2015,9,Seattle,2.4,4.0,12.4%,13.0,93%,38.0,$265,20.0,1.9,6.0,2.1,20.0,2.3,8.0,0.8,11.0,,,,,45.0,11.0,71.5,,4.0
2015,11,Oakland,2.5,4.0,18.3%,20.0,85%,34.0,$144,17.0,2.7,10.0,0.7,9.0,1.8,6.0,1.2,16.0,,,,,41.0,10.0,71.0,,4.0
2015,12,Chicago,2.2,4.0,9.1%,9.0,92%,38.0,$167,20.0,2.9,11.0,0.8,10.0,2.4,9.0,1.8,20.0,,,,,50.0,13.0,70.0,,4.0
2015,13,Albuquerque,4.3,8.0,23.7%,20.0,82%,32.0,$68,7.0,2.2,8.0,2.2,20.0,2.6,10.0,1.1,15.0,,,,,53.0,13.0,66.5,,4.0
2015,13,Aurora,7.9,15.0,10.5%,10.0,86%,34.0,$127,14.0,1.9,6.0,0.9,11.0,2.3,8.0,0.3,3.0,,,,,28.0,7.0,66.5,,4.0
2015,13,Sacramento,5.8,11.0,8.2%,7.0,78%,30.0,$147,17.0,2.7,10.0,2.1,20.0,3.9,16.0,1.0,14.0,,,,,60.0,15.0,66.5,,4.0
2015,16,Denver,6.1,12.0,7.9%,7.0,86%,34.0,$117,13.0,1.6,5.0,1.7,20.0,3.8,15.0,0.9,13.0,,,,,53.0,13.0,66.0,,4.0
2015,17,Plano,13.3,20.0,9.2%,9.0,74%,28.0,$125,14.0,1.8,6.0,0.4,4.0,2.6,9.0,0.4,4.0,,,,,23.0,6.0,64.0,,3.5
2015,18,Long Beach,3.0,5.0,10.1%,10.0,80%,32.0,$162,19.0,1.6,5.0,1.3,16.0,1.2,2.0,1.1,15.0,,,,,38.0,10.0,63.5,,3.5
2015,19,Henderson,7.8,15.0,10.7%,10.0,50%,16.0,$191,20.0,7.5,20.0,4.1,20.0,2.5,9.0,0.6,8.0,,,,,57.0,14.0,62.5,,3.5
2015,19,Omaha,7.0,14.0,13.4%,14.0,78%,30.0,$74,7.0,1.9,6.0,0.5,5.0,4.3,18.0,0.7,9.0,,,,,38.0,10.0,62.5,,3.5
2015,19,Philadelphia,3.6,7.0,13.0%,13.0,93%,38.0,$61,6.0,4.1,17.0,0.3,3.0,1.6,5.0,2.1,20.0,,,,,45.0,11.0,62.5,,3.5
2015,22,Honolulu,2.3,4.0,33.0%,20.0,84%,34.0,$46,4.0,3.9,16.0,0.6,7.0,1.3,3.0,1.9,20.0,,,,,46.0,12.0,61.5,,3.5
2015,22,Milwaukee,4.6,9.0,8.8%,8.0,88%,36.0,$86,9.0,4.6,19.0,0.5,6.0,2.6,9.0,0.9,12.0,,,,,46.0,12.0,61.5,,3.5
2015,24,Anchorage,4.4,8.0,84.6%,20.0,71%,26.0,$74,8.0,2.7,10.0,2.0,20.0,2.8,10.0,0.3,3.0,,,,,43.0,11.0,61.0,,3.5
2015,24,Lincoln,6.5,13.0,5.8%,5.0,86%,34.0,$89,10.0,2.0,7.0,0.7,9.0,4.7,20.0,0.5,6.0,,,,,42.0,11.0,61.0,,3.5
2015,24,Pittsburgh,1.7,3.0,9.8%,9.0,84%,34.0,$82,9.0,3.5,14.0,2.0,20.0,4.2,18.0,1.6,20.0,,,,,72.0,18.0,61.0,,3.5
2015,24,Raleigh,4.4,8.0,14.2%,15.0,54%,18.0,$157,18.0,5.5,20.0,0.7,8.0,2.2,8.0,1.7,20.0,,,,,56.0,14.0,61.0,,3.5
2015,24,Virginia Beach,4.1,8.0,15.6%,16.0,58%,20.0,$157,18.0,3.4,14.0,0.7,8.0,4.1,17.0,0.3,3.0,,,,,42.0,11.0,61.0,,3.5
2015,29,Kansas City,11.6,20.0,9.1%,9.0,65%,24.0,$116,13.0,1.6,5.0,0.6,8.0,2.2,7.0,0.4,5.0,,,,,25.0,6.0,60.0,,3.5
2015,29,San Jose,3.9,7.0,14.3%,15.0,71%,26.0,$128,14.0,1.5,4.0,0.9,11.0,2.6,9.0,1.1,15.0,,,,,39.0,10.0,60.0,,3.5
2015,31,Austin,10.1,20.0,14.5%,15.0,48%,16.0,$83,9.0,1.7,6.0,1.4,18.0,1.2,3.0,0.6,7.0,,,,,34.0,9.0,57.5,,3.0
2015,31,Jersey City,0.6,1.0,17.9%,19.0,91%,36.0,$24,1.0,2.6,10.0,2.3,20.0,1.4,3.0,1.0,14.0,,,,,47.0,12.0,57.5,,3.0
2015,31,New Orleans,1.8,3.0,25.3%,20.0,76%,30.0,$84,9.0,1.7,5.0,0.5,6.0,2.6,9.0,0.5,7.0,,,,,27.0,7.0,57.5,,3.0
2015,34,Tampa,4.6,9.0,6.9%,6.0,60%,22.0,$127,14.0,4.9,20.0,2.8,20.0,2.3,8.0,1.8,20.0,,,,,68.0,17.0,56.5,,3.0
2015,35,Las Vegas,7.8,15.0,3.5%,2.0,58%,20.0,$163,19.0,0.9,1.0,3.6,20.0,3.0,12.0,0.8,10.0,,,,,43.0,11.0,56.0,,3.0
2015,35,St. Louis,1.4,2.0,9.4%,9.0,86%,34.0,$101,11.0,2.0,7.0,1.6,20.0,2.4,8.0,0.6,8.0,,,,,43.0,11.0,56.0,,3.0
2015,37,Phoenix,14.4,20.0,15.0%,16.0,45%,14.0,$98,11.0,0.9,2.0,0.4,4.0,1.7,5.0,0.5,7.0,,,,,18.0,5.0,55.0,,3.0
2015,38,Cleveland,3.6,7.0,6.4%,5.0,79%,30.0,$91,10.0,5.9,20.0,0.5,6.0,2.9,11.0,1.1,16.0,,,,,53.0,13.0,54.0,,3.0
2015,38,Colorado Springs,6.6,13.0,9.3%,9.0,70%,26.0,$51,5.0,2.9,11.0,1.8,20.0,3.1,12.0,0.3,3.0,,,,,46.0,12.0,54.0,,3.0
2015,40,Baltimore,0.8,1.0,9.6%,9.0,85%,34.0,$62,6.0,1.6,5.0,0.3,3.0,3.2,13.0,1.3,19.0,,,,,40.0,10.0,50.0,,2.5
2015,40,Buffalo,1.1,2.0,7.5%,7.0,85%,34.0,$56,5.0,5.8,20.0,0.8,10.0,2.4,8.0,0.7,9.0,,,,,47.0,12.0,50.0,,2.5
2015,40,Miami,1.9,3.0,6.3%,5.0,78%,30.0,$91,10.0,3.4,14.0,0.7,9.0,1.4,4.0,1.5,20.0,,,,,47.0,12.0,50.0,,2.5
2015,40,Riverside,12.7,20.0,7.3%,6.0,46%,14.0,$88,9.0,2.5,9.0,1.3,16.0,1.4,4.0,1.1,16.0,,,,,45.0,11.0,50.0,,2.5
2015,40,Dallas,7.2,14.0,12.6%,13.0,58%,20.0,$62,6.0,2.6,10.0,0.4,4.0,1.7,5.0,0.7,9.0,,,,,28.0,7.0,50.0,,2.5
2015,45,Corpus Christi,3.3,6.0,8.0%,7.0,72%,28.0,$59,6.0,2.8,11.0,0.0,0.0,4.5,19.0,0.9,12.0,,,,,42.0,11.0,48.5,,2.5
2015,45,Greensboro,4.7,9.0,9.1%,9.0,60%,22.0,$72,7.0,2.3,8.0,0.7,9.0,3.7,15.0,0.9,12.0,,,,,44.0,11.0,48.5,,2.5
2015,45,Tulsa,9.7,19.0,7.6%,7.0,56%,20.0,$43,4.0,2.2,8.0,0.5,6.0,2.8,11.0,0.7,8.0,,,,,33.0,8.0,48.5,,2.5
2015,48,"Arlington, Texas",14.1,20.0,7.7%,7.0,55%,18.0,$86,9.0,0.7,1.0,0.3,3.0,1.3,3.0,0.3,3.0,,,,,10.0,3.0,47.5,,2.5
2015,48,Atlanta,3.1,6.0,6.1%,5.0,66%,24.0,$98,11.0,2.9,11.0,0.4,4.0,2.5,9.0,1.5,20.0,,,,,44.0,11.0,47.5,,2.5
2015,50,Bakersfield,9.4,18.0,5.9%,5.0,42%,12.0,$96,10.0,2.0,7.0,1.9,20.0,3.0,12.0,0.4,5.0,,,,,44.0,11.0,46.5,,2.5
2015,51,Anaheim,8.7,17.0,7.5%,7.0,61%,22.0,$65,6.0,1.4,4.0,0.3,3.0,1.4,3.0,0.2,2.0,,,,,12.0,3.0,46.0,,2.5
2015,51,Lexington,11.1,20.0,2.4%,1.0,51%,16.0,$74,7.0,4.0,17.0,1.3,17.0,2.1,7.0,0.3,3.0,,,,,44.0,11.0,46.0,,2.5
2015,51,Los Angeles,4.5,9.0,14.2%,15.0,55%,18.0,$68,7.0,0.8,1.0,0.3,3.0,1.0,2.0,1.1,16.0,,,,,22.0,6.0,46.0,,2.5
2015,51,Nashville,12.9,20.0,10.1%,10.0,38%,8.0,$73,7.0,3.1,12.0,0.8,9.0,2.1,7.0,0.8,11.0,,,,,39.0,10.0,46.0,,2.5
2015,55,El Paso,3.7,7.0,18.6%,20.0,51%,16.0,$36,3.0,2.4,9.0,0.4,4.0,2.6,9.0,0.8,11.0,,,,,33.0,8.0,45.0,,2.5
2015,55,Toledo,5.3,10.0,5.8%,5.0,76%,30.0,$44,4.0,1.9,6.0,0.4,4.0,2.8,10.0,0.1,1.0,,,,,21.0,5.0,45.0,,2.5
2015,57,Columbus,7.1,14.0,8.9%,8.0,50%,16.0,$76,8.0,1.8,6.0,0.6,7.0,1.8,6.0,0.7,9.0,,,,,28.0,7.0,44.0,,2.0
2015,58,Chula Vista,6.8,13.0,8.0%,7.0,52%,18.0,$40,3.0,2.1,7.0,1.2,15.0,3.0,11.0,0.7,9.0,,,,,42.0,11.0,43.5,,2.0
2015,58,Houston,5.1,10.0,14.3%,15.0,48%,16.0,$38,3.0,2.3,9.0,0.7,8.0,2.1,7.0,0.7,9.0,,,,,33.0,8.0,43.5,,2.0
2015,60,Detroit,2.4,4.0,6.4%,5.0,78%,30.0,$19,1.0,3.0,12.0,0.6,7.0,4.5,19.0,0.4,4.0,,,,,42.0,11.0,42.5,,2.0
2015,60,Fort Worth,7.5,15.0,5.5%,4.0,54%,18.0,$83,9.0,1.4,4.0,0.1,1.0,2.3,8.0,0.6,8.0,,,,,21.0,5.0,42.5,,2.0
2015,60,San Antonio,11.4,20.0,8.7%,8.0,34%,6.0,$100,11.0,1.6,5.0,0.4,5.0,1.6,4.0,0.6,8.0,,,,,22.0,6.0,42.5,,2.0
2015,63,Newark,1.0,1.0,6.1%,5.0,90%,36.0,$41,3.0,1.5,4.0,0.0,0.0,0.8,1.0,0.9,12.0,,,,,17.0,4.0,41.0,,2.0
2015,64,Stockton,5.4,10.0,3.0%,1.0,71%,26.0,$21,1.0,3.6,15.0,1.0,13.0,2.4,8.0,0.4,5.0,,,,,41.0,10.0,40.0,,2.0
2015,64,Tucson,4.3,8.0,2.7%,1.0,56%,20.0,$93,10.0,1.2,3.0,1.0,12.0,3.6,14.0,0.6,8.0,,,,,37.0,9.0,40.0,,2.0
2015,64,Wichita,10.8,20.0,4.7%,3.0,50%,16.0,$47,4.0,1.0,2.0,0.5,6.0,2.1,7.0,0.5,6.0,,,,,21.0,5.0,40.0,,2.0
2015,67,Memphis,10.0,20.0,4.8%,3.0,41%,10.0,$57,5.0,2.9,11.0,0.5,5.0,1.8,5.0,0.9,13.0,,,,,34.0,9.0,39.0,,2.0
2015,68,Jacksonville,5.6,11.0,14.1%,15.0,33%,6.0,$35,3.0,1.7,6.0,0.4,4.0,3.4,13.0,1.4,20.0,,,,,43.0,11.0,38.5,,2.0
2015,69,Santa Ana,6.0,12.0,3.0%,1.0,71%,26.0,$42,3.0,1.3,3.0,0.0,0.0,1.3,3.0,0.5,7.0,,,,,13.0,3.0,37.5,,1.5
2015,70,Mesa,3.1,6.0,2.8%,1.0,64%,24.0,$72,7.0,2.7,10.0,0.4,5.0,1.4,4.0,0.2,2.0,,,,,21.0,5.0,36.0,,1.5
2015,70,Oklahoma City,6.7,13.0,6.9%,6.0,42%,12.0,$56,5.0,1.4,4.0,0.5,6.0,1.9,6.0,0.8,11.0,,,,,27.0,7.0,36.0,,1.5
2015,72,Louisville,7.7,15.0,6.7%,6.0,33%,6.0,$51,5.0,2.4,9.0,0.8,10.0,1.8,5.0,0.4,5.0,,,,,29.0,7.0,32.5,,1.5
2015,73,Indianapolis,10.3,20.0,5.0%,4.0,33%,6.0,$27,2.0,2.2,8.0,0.5,5.0,1.5,4.0,0.5,7.0,,,,,24.0,6.0,32.0,,1.5
2015,74,Charlotte,16.8,20.0,5.6%,4.0,27%,2.0,$51,5.0,1.1,3.0,0.6,7.0,1.8,6.0,0.5,6.0,,,,,22.0,6.0,31.0,,1.5
2015,74,Fresno,5.0,10.0,3.2%,1.0,54%,18.0,$39,3.0,0.8,1.0,1.0,12.0,1.2,3.0,0.3,3.0,,,,,19.0,5.0,31.0,,1.5
2014,1,Minneapolis,7.1,13.0,14.9%,15.0,94%,38.0,$214,20.0,,,,,2.9,12.0,,,,,,,,,82.0,,5.0
2014,2,New York,1.1,1.0,20.5%,20.0,97%,40.0,$171,20.0,,,,,2.0,7.0,,,,,,,,,73.5,,4.5
2014,3,Boston,1.0,1.0,16.9%,17.0,97%,40.0,$112,13.0,,,,,3.5,16.0,,,,,,,,,72.5,,4.0
2014,3,Portland,4.5,8.0,17.4%,18.0,84%,34.0,$155,20.0,,,,,2.1,7.0,,,,,,,,,72.5,,4.0
2014,3,San Francisco,1.9,3.0,19.0%,20.0,98%,40.0,$216,20.0,,,,,1.6,4.0,,,,,,,,,72.5,,4.0
2014,6,"Washington, DC",0.8,1.0,21.9%,20.0,96%,40.0,$353,20.0,,,,,1.8,5.0,,,,,,,,,72.0,,4.0
2014,7,Denver,6.3,11.0,8.2%,7.0,84%,34.0,$125,15.0,,,,,3.9,18.0,,,,,,,,,71.0,,4.0
2014,7,Sacramento,5.8,10.0,8.2%,7.0,77%,30.0,$166,20.0,,,,,4.0,18.0,,,,,,,,,71.0,,4.0
2014,9,San Diego,6.8,12.0,23.5%,20.0,76%,30.0,$110,13.0,,,,,2.5,9.0,,,,,,,,,70.0,,4.0
2014,10,Aurora,7.9,14.0,10.4%,10.0,85%,34.0,$125,15.0,,,,,2.4,9.0,,,,,,,,,68.5,,4.0
2014,10,Virginia Beach,4.1,7.0,15.6%,16.0,57%,20.0,$154,19.0,,,,,4.8,20.0,,,,,,,,,68.5,,4.0
2014,12,Omaha,7.0,12.0,13.3%,13.0,76%,30.0,$64,6.0,,,,,4.4,20.0,,,,,,,,,67.5,,4.0
2014,13,Oakland,2.5,4.0,18.3%,19.0,85%,34.0,$141,17.0,,,,,1.8,6.0,,,,,,,,,67.0,,4.0
2014,14,Seattle,2.4,3.0,10.5%,10.0,92%,38.0,$257,20.0,,,,,2.0,7.0,,,,,,,,,65.0,,3.5
2014,15,Albuquerque,4.1,7.0,23.6%,20.0,81%,32.0,$63,6.0,,,,,2.6,11.0,,,,,,,,,63.5,,3.5
2014,16,Chicago,2.2,3.0,9.1%,8.0,91%,36.0,$154,19.0,,,,,2.4,9.0,,,,,,,,,62.5,,3.5
2014,16,Kansas City,11.6,20.0,9.0%,8.0,64%,24.0,$121,15.0,,,,,2.2,8.0,,,,,,,,,62.5,,3.5
2014,18,New Orleans,1.8,2.0,26.4%,20.0,72%,28.0,$104,12.0,,,,,2.6,11.0,,,,,,,,,61.0,,3.5
2014,18,San Jose,3.9,6.0,14.7%,15.0,69%,26.0,$124,15.0,,,,,2.6,11.0,,,,,,,,,61.0,,3.5
2014,20,Philadelphia,3.6,6.0,13.5%,14.0,92%,38.0,$61,6.0,,,,,1.6,5.0,,,,,,,,,57.5,,3.0
2014,21,Raleigh,5.1,9.0,14.1%,14.0,53%,18.0,$155,19.0,,,,,2.2,8.0,,,,,,,,,57.0,,3.0
2014,22,Milwaukee,4.5,8.0,10.6%,10.0,87%,34.0,$75,8.0,,,,,2.1,7.0,,,,,,,,,56.0,,3.0
2014,23,Colorado Springs,6.6,12.0,9.5%,9.0,68%,26.0,$50,4.0,,,,,3.4,15.0,,,,,,,,,55.0,,3.0
2014,24,Long Beach,3.2,5.0,10.0%,10.0,79%,30.0,$147,18.0,,,,,1.2,2.0,,,,,,,,,54.0,,3.0
2014,25,Baltimore,0.8,1.0,9.6%,9.0,85%,34.0,$62,6.0,,,,,3.2,14.0,,,,,,,,,53.5,,3.0
2014,26,Cleveland,3.5,6.0,6.5%,5.0,77%,30.0,$88,10.0,,,,,3.0,12.0,,,,,,,,,52.5,,3.0
2014,27,St. Louis,4.0,7.0,9.4%,9.0,79%,30.0,$77,8.0,,,,,2.3,8.0,,,,,,,,,52.0,,3.0
2014,28,Corpus Christi,3.3,5.0,5.9%,5.0,70%,26.0,$56,5.0,,,,,4.5,20.0,,,,,,,,,51.0,,2.5
2014,28,Detroit,2.5,4.0,6.7%,6.0,77%,30.0,$23,1.0,,,,,4.4,20.0,,,,,,,,,51.0,,2.5
2014,28,Honolulu,2.3,3.0,33.0%,20.0,83%,32.0,$39,3.0,,,,,1.3,3.0,,,,,,,,,51.0,,2.5
2014,28,Phoenix,11.0,20.0,15.0%,15.0,45%,14.0,$96,11.0,,,,,1.1,1.0,,,,,,,,,51.0,,2.5
2014,28,Tampa,4.6,8.0,7.1%,6.0,59%,20.0,$121,15.0,,,,,2.8,12.0,,,,,,,,,51.0,,2.5
2014,33,Austin,10.1,18.0,14.7%,15.0,48%,16.0,$67,7.0,,,,,1.3,3.0,,,,,,,,,49.0,,2.5
2014,34,Riverside,12.7,20.0,7.0%,6.0,45%,14.0,$115,14.0,,,,,1.3,3.0,,,,,,,,,47.5,,2.5
2014,35,Las Vegas,7.8,14.0,3.5%,2.0,46%,14.0,$207,20.0,,,,,1.9,6.0,,,,,,,,,47.0,,2.5
2014,36,"Arlington, Texas",14.1,20.0,7.7%,7.0,53%,18.0,$77,8.0,,,,,1.3,2.0,,,,,,,,,46.0,,2.5
2014,36,Bakersfield,9.4,17.0,5.9%,5.0,41%,10.0,$89,10.0,,,,,3.0,13.0,,,,,,,,,46.0,,2.5
2014,36,Dallas,7.1,13.0,10.8%,10.0,54%,18.0,$81,9.0,,,,,1.7,5.0,,,,,,,,,46.0,,2.5
2014,36,Anaheim,8.7,16.0,7.5%,7.0,60%,22.0,$68,7.0,,,,,1.4,3.0,,,,,,,,,46.0,,2.5
2014,40,Fort Worth,7.5,14.0,5.5%,4.0,52%,18.0,$84,9.0,,,,,2.4,9.0,,,,,,,,,45.0,,2.5
2014,40,Tulsa,9.7,18.0,5.9%,5.0,54%,18.0,$37,3.0,,,,,2.6,10.0,,,,,,,,,45.0,,2.5
2014,42,Atlanta,3.1,5.0,5.8%,5.0,65%,24.0,$87,10.0,,,,,2.5,9.0,,,,,,,,,44.0,,2.0
2014,42,Tucson,4.3,7.0,2.7%,1.0,53%,18.0,$97,11.0,,,,,3.6,16.0,,,,,,,,,44.0,,2.0
2014,44,El Paso,3.7,6.0,18.0%,19.0,48%,16.0,$34,2.0,,,,,2.4,9.0,,,,,,,,,43.5,,2.0
2014,45,Los Angeles,5.2,9.0,16.0%,16.0,54%,18.0,$60,6.0,,,,,1.0,1.0,,,,,,,,,42.0,,2.0
2014,45,Nashville,12.9,20.0,9.3%,9.0,37%,8.0,$62,6.0,,,,,2.1,7.0,,,,,,,,,42.0,,2.0
2014,47,Columbus,7.1,13.0,8.1%,7.0,49%,16.0,$65,7.0,,,,,1.9,6.0,,,,,,,,,41.0,,2.0
2014,48,Houston,5.6,10.0,14.1%,14.0,45%,14.0,$41,3.0,,,,,2.0,7.0,,,,,,,,,40.0,,2.0
2014,48,Miami,2.4,4.0,5.1%,4.0,75%,28.0,$79,9.0,,,,,1.4,3.0,,,,,,,,,40.0,,2.0
2014,48,Wichita,10.0,18.0,4.7%,3.0,50%,16.0,$49,4.0,,,,,2.1,7.0,,,,,,,,,40.0,,2.0
2014,51,Jacksonville,5.6,10.0,13.9%,14.0,30%,4.0,$38,3.0,,,,,3.4,15.0,,,,,,,,,38.5,,2.0
2014,52,Santa Ana,6.0,11.0,3.0%,1.0,70%,26.0,$40,3.0,,,,,1.3,2.0,,,,,,,,,36.0,,1.5
2014,53,Memphis,10.0,18.0,4.8%,3.0,39%,10.0,$65,6.0,,,,,1.8,5.0,,,,,,,,,35.0,,1.5
2014,53,San Antonio,11.4,20.0,8.4%,8.0,35%,6.0,$56,5.0,,,,,1.5,3.0,,,,,,,,,35.0,,1.5
2014,55,Oklahoma City,6.7,12.0,6.9%,6.0,41%,10.0,$58,6.0,,,,,1.9,6.0,,,,,,,,,33.5,,1.5
2014,56,Mesa,3.1,5.0,2.7%,1.0,60%,22.0,$75,8.0,,,,,1.3,3.0,,,,,,,,,32.5,,1.5
2014,57,Charlotte,16.8,20.0,5.1%,4.0,27%,2.0,$69,7.0,,,,,1.2,2.0,,,,,,,,,29.0,,1.0
2014,58,Indianapolis,10.3,19.0,5.0%,4.0,32%,4.0,$34,2.0,,,,,1.6,4.0,,,,,,,,,27.5,,1.0
2014,58,Louisville,7.5,13.0,7.0%,6.0,32%,4.0,$55,5.0,,,,,1.8,5.0,,,,,,,,,27.5,,1.0
2014,60,Fresno,4.9,8.0,2.2%,1.0,51%,16.0,$51,4.0,,,,,1.2,2.0,,,,,,,,,26.0,,1.0
2013,1,Minneapolis,6.51,12.0,15.07%,15.0,94%,38.0,$210.33,20.0,,,,,2.88,12.0,,,,,,,,97.0,81.0,,5.0
2013,2,New York,1.06,1.0,19.72%,20.0,96%,40.0,$160.33,20.0,,,,,2.05,7.0,,,,,,,,88.0,73.5,,4.5
2013,3,San Francisco,1.91,3.0,17.95%,19.0,98%,40.0,$280.67,20.0,,,,,1.8,5.0,,,,,,,,87.0,72.5,,4.0
2013,3,Sacramento,5.78,11.0,8.09%,7.0,77%,30.0,$156.67,20.0,,,,,4.03,19.0,,,,,,,,87.0,72.5,,4.0
2013,3,Boston,1.31,2.0,15.89%,16.0,97%,40.0,$110.33,13.0,,,,,3.59,16.0,,,,,,,,87.0,72.5,,4.0
2013,6,"Washington, DC",0.67,1.0,19.65%,20.0,96%,40.0,$343.67,20.0,,,,,1.73,5.0,,,,,,,,86.0,71.5,,4.0
2013,7,Portland,4.89,9.0,16.32%,17.0,80%,32.0,$159.00,20.0,,,,,2.14,7.0,,,,,,,,85.0,71.0,,4.0
2013,8,Virginia Beach,4.13,8.0,15.89%,16.0,63%,22.0,$144.67,18.0,,,,,4.91,20.0,,,,,,,,84.0,70.0,,4.0
2013,9,San Diego,6.78,13.0,22.54%,20.0,76%,30.0,$115.67,14.0,,,,,1.78,5.0,,,,,,,,82.0,68.5,,4.0
2013,10,Seattle,2.7,5.0,10.32%,10.0,92%,38.0,$261.00,20.0,,,,,2.14,7.0,,,,,,,,80.0,66.5,,4.0
2013,11,San Jose,3.7,7.0,14.12%,14.0,69%,26.0,$140.33,18.0,,,,,2.72,11.0,,,,,,,,76.0,63.5,,3.5
2013,11,Albuquerque,4.02,7.0,18.72%,20.0,81%,32.0,$64.33,6.0,,,,,2.69,11.0,,,,,,,,76.0,63.5,,3.5
2013,11,Omaha,6.5,12.0,11.75%,12.0,76%,30.0,$57.46,5.0,,,,,3.79,17.0,,,,,,,,76.0,63.5,,3.5
2013,14,Colorado Springs,6.82,13.0,14.43%,15.0,68%,26.0,$61.67,6.0,,,,,3.48,15.0,,,,,,,,75.0,62.5,,3.5
2013,14,Philadelphia,3.6,7.0,13.03%,13.0,91%,36.0,$54.46,4.0,,,,,3.39,15.0,,,,,,,,75.0,62.5,,3.5
2013,16,Chicago,2.0,3.0,8.53%,8.0,90%,36.0,$138.67,17.0,,,,,2.43,9.0,,,,,,,,73.0,61.0,,3.5
2013,17,Denver,6.29,12.0,6.03%,5.0,78%,30.0,$131.33,16.0,,,,,2.47,9.0,,,,,,,,72.0,60.0,,3.5
2013,18,Oakland,2.5,4.0,11.93%,12.0,85%,34.0,$122.33,15.0,,,,,1.87,6.0,,,,,,,,71.0,59.0,,3.5
2013,19,Milwaukee,8.07,16.0,10.41%,10.0,87%,34.0,$70.67,7.0,,,,,1.2,2.0,,,,,,,,69.0,57.5,,3.0
2013,20,Raleigh,4.09,8.0,13.75%,14.0,54%,18.0,$140.67,18.0,,,,,2.2,8.0,,,,,,,,66.0,55.0,,3.0
2013,21,Baltimore,0.83,1.0,9.47%,9.0,85%,34.0,$61.18,6.0,,,,,3.22,14.0,,,,,,,,64.0,53.5,,3.0
2013,22,Long Beach,3.2,6.0,9.71%,9.0,78%,30.0,$125.00,15.0,,,,,1.49,3.0,,,,,,,,63.0,52.5,,3.0
2013,23,Kansas City,2.93,7.0,8.64%,8.0,64%,24.0,$127.33,16.0,,,,,2.17,7.0,,,,,,,,62.0,51.5,,2.5
2013,23,Phoenix,14.79,20.0,14.24%,14.0,46%,14.0,$111.67,13.0,,,,,1.14,1.0,,,,,,,,62.0,51.5,,2.5
2013,25,Cleveland,3.59,7.0,6.29%,5.0,76%,30.0,$88.00,10.0,,,,,2.29,8.0,,,,,,,,60.0,50.0,,2.5
2013,26,Dallas,7.2,14.0,10.71%,10.0,54%,18.0,$98.00,11.0,,,,,1.76,5.0,,,,,,,,58.0,48.5,,2.5
2013,26,Austin,9.99,20.0,13.38%,13.0,49%,16.0,$66.33,6.0,,,,,1.37,3.0,,,,,,,,58.0,48.5,,2.5
2013,26,Detroit,2.08,3.0,5.53%,4.0,77%,30.0,$28.33,1.0,,,,,4.32,20.0,,,,,,,,58.0,48.5,,2.5
2013,29,Las Vegas,7.75,15.0,3.53%,2.0,46%,14.0,$230.00,20.0,,,,,1.94,6.0,,,,,,,,57.0,47.5,,2.5
2013,30,"Arlington, Texas",14.0,20.0,7.63%,7.0,53%,18.0,$76.33,8.0,,,,,1.31,2.0,,,,,,,,55.0,46.0,,2.5
2013,31,Tulsa,9.78,19.0,6.01%,5.0,55%,18.0,$38.50,2.0,,,,,2.58,10.0,,,,,,,,54.0,45.0,,2.5
2013,31,Atlanta,2.95,5.0,5.61%,5.0,64%,24.0,$90.33,10.0,,,,,2.6,10.0,,,,,,,,54.0,45.0,,2.5
2013,33,Fort Worth,7.43,14.0,5.34%,4.0,53%,18.0,$76.37,8.0,,,,,2.39,9.0,,,,,,,,53.0,44.0,,2.0
2013,34,Los Angeles,5.45,10.0,16.25%,17.0,52%,18.0,$59.00,5.0,,,,,1.03,1.0,,,,,,,,51.0,42.5,,2.0
2013,34,Wichita,10.0,20.0,4.54%,3.0,50%,16.0,$54.67,5.0,,,,,2.12,7.0,,,,,,,,51.0,42.5,,2.0
2013,36,El Paso,3.67,7.0,17.71%,18.0,49%,16.0,$31.67,1.0,,,,,2.34,8.0,,,,,,,,50.0,41.5,,2.0
2013,37,Columbus,6.59,13.0,7.80%,7.0,49%,16.0,$62.33,6.0,,,,,1.89,6.0,,,,,,,,48.0,40.0,,2.0
2013,38,Tucson,4.21,8.0,2.68%,1.0,52%,18.0,$102.67,12.0,,,,,2.27,8.0,,,,,,,,47.0,39.0,,2.0
2013,38,Miami,2.14,4.0,5.22%,4.0,72%,28.0,$75.97,8.0,,,,,1.43,3.0,,,,,,,,47.0,39.0,,2.0
2013,38,Nashville,13.25,20.0,7.10%,6.0,36%,8.0,$72.00,7.0,,,,,2.01,6.0,,,,,,,,47.0,39.0,,2.0
2013,38,Houston,5.16,10.0,12.93%,13.0,46%,14.0,$43.33,3.0,,,,,2.06,7.0,,,,,,,,47.0,39.0,,2.0
2013,42,Memphis,10.0,20.0,4.53%,3.0,40%,10.0,$69.41,7.0,,,,,1.76,5.0,,,,,,,,45.0,37.5,,1.5
2013,43,Oklahoma City,6.7,13.0,5.63%,5.0,42%,12.0,$63.33,6.0,,,,,1.95,6.0,,,,,,,,42.0,35.0,,1.5
2013,44,San Antonio,11.08,20.0,7.92%,7.0,33%,6.0,$56.00,5.0,,,,,1.3,2.0,,,,,,,,40.0,33.5,,1.5
2013,44,Jacksonville,5.02,9.0,9.23%,9.0,31%,4.0,$44.85,3.0,,,,,3.47,15.0,,,,,,,,40.0,33.5,,1.5
2013,46,Mesa,3.15,6.0,2.62%,1.0,60%,22.0,$69.33,7.0,,,,,1.37,3.0,,,,,,,,39.0,32.5,,1.5
2013,47,Charlotte,16.97,20.0,5.01%,4.0,26%,2.0,$77.33,8.0,,,,,1.25,2.0,,,,,,,,36.0,30.0,,1.0
2013,47,Indianapolis,10.25,20.0,4.83%,4.0,32%,6.0,$40.33,2.0,,,,,1.56,4.0,,,,,,,,36.0,30.0,,1.0
2013,49,Louisville,7.25,14.0,7.08%,6.0,32%,6.0,$49.67,4.0,,,,,1.69,5.0,,,,,,,,35.0,29.0,,1.0
2013,50,Fresno,4.89,9.0,2.08%,1.0,51%,16.0,$57.67,5.0,,,,,1.25,2.0,,,,,,,,33.0,27.5,,1.0
2012,1,San Francisco,2.0,4.0,17.9%,19.0,98%,40.0,$291.66,20.0,,,,,1.78,6.0,,,,,,,,89.0,74.0,,4.5
2012,2,Sacramento,5.7,12.0,8.1%,8.0,77%,30.0,$156.62,18.0,,,,,3.88,20.0,,,,,,,,88.0,73.5,,4.5
2012,3,New York,1.1,2.0,19.6%,20.0,96%,40.0,$152.39,17.0,,,,,2.05,8.0,,,,,,,,87.0,72.5,,4.0
2012,3,Boston,1.3,2.0,15.8%,17.0,97%,40.0,$105.70,11.0,,,,,3.44,17.0,,,,,,,,87.0,72.5,,4.0
2012,5,"Washington, DC",0.7,1.0,19.1%,20.0,96%,40.0,$303.45,20.0,,,,,1.68,5.0,,,,,,,,86.0,71.5,,4.0
2012,6,Portland,4.8,10.0,16.2%,17.0,78%,30.0,$162.45,18.0,,,,,2.12,8.0,,,,,,,,83.0,69.0,,4.0
2012,7,Virginia Beach,4.1,8.0,15.9%,17.0,62%,22.0,$139.63,15.0,,,,,5.0,20.0,,,,,,,,82.0,68.5,,4.0
2012,8,San Diego,6.7,14.0,22.8%,20.0,75%,28.0,$121.47,13.0,,,,,1.78,6.0,,,,,,,,81.0,67.5,,4.0
2012,9,Seattle,2.8,6.0,10.2%,10.0,90%,36.0,$260.77,20.0,,,,,2.11,8.0,,,,,,,,80.0,66.5,,4.0
2012,10,Philadelphia,3.7,8.0,13.0%,14.0,91%,36.0,$65.71,5.0,,,,,3.34,16.0,,,,,,,,79.0,66.0,,4.0
2012,11,Albuquerque,4.0,8.0,18.8%,20.0,81%,32.0,$60.11,5.0,,,,,2.78,13.0,,,,,,,,78.0,65.0,,3.5
2012,12,San Jose,3.7,8.0,14.1%,15.0,69%,26.0,$135.68,15.0,,,,,2.65,12.0,,,,,,,,76.0,63.5,,3.5
2012,13,Denver,6.3,13.0,6.0%,6.0,79%,30.0,$122.38,13.0,,,,,2.42,10.0,,,,,,,,72.0,60.0,,3.5
2012,14,Chicago,2.0,4.0,8.5%,8.0,90%,36.0,$128.08,14.0,,,,,2.3,9.0,,,,,,,,71.0,59.0,,3.5
2012,15,Baltimore,0.8,1.0,9.5%,10.0,85%,34.0,$62.63,5.0,,,,,3.14,15.0,,,,,,,,65.0,54.0,,3.0
2012,16,Kansas City,3.3,7.0,8.6%,9.0,64%,24.0,$135.06,15.0,,,,,2.17,9.0,,,,,,,,64.0,53.5,,3.0
2012,16,Milwaukee,7.3,15.0,9.2%,9.0,87%,34.0,$59.54,4.0,,,,,1.19,2.0,,,,,,,,64.0,53.5,,3.0
2012,16,Phoenix,14.6,20.0,14.2%,15.0,44%,14.0,$128.52,14.0,,,,,1.04,1.0,,,,,,,,64.0,53.5,,3.0
2012,19,Long Beach,3.2,7.0,10.3%,11.0,70%,26.0,$130.54,14.0,,,,,1.5,4.0,,,,,,,,62.0,51.5,,2.5
2012,19,Austin,10.0,20.0,15.2%,16.0,49%,16.0,$71.57,6.0,,,,,1.48,4.0,,,,,,,,62.0,51.5,,2.5
2012,21,Dallas,7.2,15.0,10.7%,11.0,54%,18.0,$110.03,11.0,,,,,1.8,6.0,,,,,,,,61.0,51.0,,2.5
2012,22,Detroit,2.0,4.0,5.7%,5.0,77%,30.0,$31.00,1.0,,,,,4.31,20.0,,,,,,,,60.0,50.0,,2.5
2012,23,Las Vegas,7.9,16.0,3.5%,2.0,46%,14.0,$218.93,20.0,,,,,1.99,7.0,,,,,,,,59.0,49.0,,2.5
2012,24,Fort Worth,7.4,15.0,5.2%,5.0,52%,18.0,$76.16,7.0,,,,,2.3,9.0,,,,,,,,54.0,45.0,,2.5
2012,25,Los Angeles,6.7,14.0,14.1%,15.0,52%,18.0,$55.14,4.0,,,,,1.0,1.0,,,,,,,,52.0,43.5,,2.0
2012,26,Atlanta,3.0,6.0,5.6%,5.0,63%,22.0,$99.39,10.0,,,,,2.02,8.0,,,,,,,,51.0,42.5,,2.0
2012,27,El Paso,3.7,8.0,18.0%,19.0,47%,14.0,$31.12,1.0,,,,,2.11,8.0,,,,,,,,50.0,41.5,,2.0
2012,27,Columbus,6.6,13.0,8.1%,8.0,49%,16.0,$68.94,6.0,,,,,1.9,7.0,,,,,,,,50.0,41.5,,2.0
2012,29,Nashville,12.9,20.0,5.9%,5.0,36%,8.0,$91.33,9.0,,,,,1.88,7.0,,,,,,,,49.0,41.0,,2.0
2012,30,Houston,5.2,11.0,12.9%,13.0,45%,14.0,$42.99,2.0,,,,,1.93,7.0,,,,,,,,47.0,39.0,,2.0
2012,31,Tucson,4.1,8.0,2.7%,1.0,52%,18.0,$100.64,10.0,,,,,2.17,9.0,,,,,,,,46.0,38.5,,2.0
2012,31,Memphis,10.0,20.0,4.5%,4.0,40%,12.0,$60.32,5.0,,,,,1.68,5.0,,,,,,,,46.0,38.5,,2.0
2012,33,Oklahoma City,6.7,14.0,5.6%,5.0,43%,12.0,$61.02,5.0,,,,,2.02,8.0,,,,,,,,44.0,36.5,,1.5
2012,34,Jacksonville,5.0,10.0,9.2%,9.0,30%,4.0,$44.82,2.0,,,,,3.5,18.0,,,,,,,,43.0,36.0,,1.5
2012,35,San Antonio,11.1,20.0,7.9%,8.0,32%,6.0,$62.79,5.0,,,,,1.3,3.0,,,,,,,,42.0,35.0,,1.5
2012,36,Indianapolis,10.3,20.0,4.8%,4.0,32%,6.0,$43.61,2.0,,,,,1.6,5.0,,,,,,,,37.0,31.0,,1.5
2012,36,Mesa,3.2,7.0,2.6%,1.0,60%,22.0,$60.96,5.0,,,,,1.16,2.0,,,,,,,,37.0,31.0,,1.5
2012,38,Louisville,7.3,15.0,6.7%,6.0,32%,6.0,$50.76,3.0,,,,,1.65,5.0,,,,,,,,35.0,29.0,,1.0
2012,39,Charlotte,19.9,20.0,4.1%,3.0,26%,2.0,$78.94,7.0,,,,,1.25,2.0,,,,,,,,34.0,28.5,,1.0
2012,40,Fresno,4.9,10.0,2.1%,1.0,35%,8.0,$54.98,4.0,,,,,1.35,3.0,,,,,,,,26.0,21.5,,0.5
